student_id,choose_method,concepts,interpretation,research_score,submit_time,percent_submit,gender,department,learning_performance,cheat_index
111,60,57.14285714285714,56.25,72,156.41159625000427,66.66666666666667,ช,ไทยสังคม,95,0.9143358385891684
112,40,57.14285714285714,31.25,72,145.08406430555715,100,ช,ภาษาอังกฤษ,73.33333333333333,0.5934894719253224
113,40,42.857142857142854,50,71,141.08420062498914,100,ญ,ประถมศึกษา,93.21428571428572,0.839402703
114,20,50,43.75,72,150.2685323611233,88.88888888888889,ญ,ประถมศึกษา,90,0.8664957776813893
115,10,21.428571428571427,50,62,129.16880965277554,100,ช,ประถมศึกษา,95,0.9979854573005862
116,20,42.857142857142854,75,75,161.85647041665186,100,ญ,ประถมศึกษา,80,0.6053073405887904
117,20,64.28571428571429,56.25,82,130.17590791665845,100,ญ,ประถมศึกษา,78.33333333333333,0.5557233115747408
118,40,57.14285714285714,50,76,88.56262722223998,100,ญ,ประถมศึกษา,74.58333333333333,0.7373062643261358
119,50,64.28571428571429,62.5,85,129.6557163,100,ญ,ประถมศึกษา,85,0.5387097756043477
120,60,42.857142857142854,56.25,73,108.7788113194704,100,ญ,ประถมศึกษา,80,0.5843404882488119
121,20,57.14285714285714,37.5,76,124.55432180556986,100,ญ,ประถมศึกษา,92.5,0.9835540000943909
122,40,50,56.25,83,98.96194131943915,100,ญ,ประถมศึกษา,90,0.970826811
123,40,50,43.75,92,138.27414194444816,100,ช,ประถมศึกษา,77.5,0.9999999999999998
124,30,85.71428571428571,56.25,74,115.1781350000037,100,ญ,ประถมศึกษา,90,0.9848074248949736
125,50,35.714285714285715,37.5,79,145.02854402777223,88.88888888888889,ญ,ประถมศึกษา,95,0.8689634036579847
126,10,57.14285714285714,53.333333333333336,76,127.67380201387736,100,ญ,ประถมศึกษา,95,0.936028087
127,60,57.14285714285714,50,85,155.1215154166685,88.88888888888889,ญ,ประถมศึกษา,69.44444444444444,0.46191627439333593
128,40,64.28571428571429,56.25,80,175.6609259721968,100,ญ,ประถมศึกษา,86.54761904761905,0.545348199
129,30,50,18.75,73,157.23568583332832,88.88888888888889,ญ,ประถมศึกษา,92.5,0.9561551680832948
130,20,35.714285714285715,43.75,65,145.74990361109377,100,ช,ประถมศึกษา,91.66666666666667,0.8268547582469636
131,50,42.857142857142854,68.75,69,164.90338888890213,88.88888888888889,ญ,ประถมศึกษา,64.88095238095238,0.6593870842768632
132,40,42.857142857142854,50,66,154.54549347221854,88.88888888888889,ญ,ประถมศึกษา,92.5,0.9458561370294086
133,40,50,31.25,75,176.86381111111905,88.88888888888889,ญ,ประถมศึกษา,80,0.9885501062570662
134,60,57.14285714285714,62.5,77,132.20368569443622,88.88888888888889,ญ,ประถมศึกษา,86.66666666666667,0.5857849422619752
135,40,35.714285714285715,43.75,82,158.1696009722021,100,ญ,ประถมศึกษา,80,0.7453143417237729
136,40,35.714285714285715,25,73,132.2692261805468,100,ญ,ประถมศึกษา,72.14285714285714,0.6903238331069588
137,80,50,43.75,72,143.31243722223573,100,ญ,ประถมศึกษา,87.5,0.9779420945533519
138,50,71.42857142857143,50,83,95.04386868056324,100,ช,ประถมศึกษา,90,1
139,40,42.857142857142854,50,73,115.27584972222648,88.88888888888889,ช,ประถมศึกษา,48.80952380952381,0.8478037583800738
140,70,42.857142857142854,62.5,84,101.59455215276944,100,ช,ประถมศึกษา,92.5,0.951438262
141,70,50,37.5,83,121.79143729168507,100,ญ,ประถมศึกษา,92.5,0.965722716
142,30,64.28571428571429,56.25,76,138.73165756944152,100,ญ,ประถมศึกษา,71.66666666666667,0.6604278948398661
143,20,64.28571428571429,50,79,174.77466624998385,100,ญ,วิทยาศาสตร์,92.5,0.9999999999999998
144,60,71.42857142857143,50,82,133.54870611108012,77.77777777777777,ช,ไทยสังคม,84.44444444444444,0.9999999999999998
145,60,35.714285714285715,50,74,177.32289597223203,77.77777777777777,ช,วิทยาศาสตร์,63.333333333333336,0.7936449395199162
146,20,35.714285714285715,31.25,68,149.0111512500048,100,ช,วิทยาศาสตร์,95,0.998708684
147,50,78.57142857142857,68.75,92,147.3480529861152,100,ญ,วิทยาศาสตร์,90,0.9699454346840716
148,60,64.28571428571429,68.75,82,152.0432352777819,100,ญ,ภาษาอังกฤษ,78.33333333333333,0.4388587577001736
149,20,57.14285714285714,50,78,137.94455145834223,88.88888888888889,ช,ไทยสังคม,76.11111111111111,0.7755280188006121
150,20,35.714285714285715,56.25,69,153.21134250001774,88.88888888888889,ญ,ภาษาอังกฤษ,72.5,0.7168732631920371
151,30,42.857142857142854,68.75,76,134.7992829166684,100,ญ,วิทยาศาสตร์,95,0.6742296499839633
152,40,28.57142857142857,43.75,65,128.5266409027742,100,ญ,ภาษาอังกฤษ,73.21428571428572,0.8209740370634881
153,0,42.857142857142854,50,83,155.62865138888358,66.66666666666667,ช,ไทยสังคม,95,0.6252479907256403
154,60,71.42857142857143,68.75,72,82.74660777780745,55.55555555555556,ช,วิทยาศาสตร์,69.76190476190476,0.5188765242151476
155,60,64.28571428571429,75,85,131.07854666666853,100,ช,วิทยาศาสตร์,87.5,0.6514140188878981
156,20,50,25,63,118.48490680553849,100,ญ,วิทยาศาสตร์,95,0.8456916967441312
157,60,64.28571428571429,93.75,94,93.37218729,100,ช,วิทยาศาสตร์,82.5,0.6102437575670036
158,40,78.57142857142857,75,89,143.14352222224076,100,ญ,ภาษาอังกฤษ,77.79761904761905,0.5217510627938756
159,40,35.714285714285715,37.5,75,134.2885481944349,77.77777777777777,ช,ภาษาอังกฤษ,67.14285714285714,0.7505082141406081
160,50,21.428571428571427,43.75,59,121.00531729168364,100,ญ,วิทยาศาสตร์,95,0.9557619352003626
161,30,42.857142857142854,56.25,71,150.57679847222235,100,ญ,ไทยสังคม,84.88095238095238,0.8420825045135947
162,10,57.14285714285714,37.5,76,182.03362666669818,77.77777777777777,ช,วิทยาศาสตร์,87.77777777777777,0.7513154942809143
163,80,71.42857142857143,87.5,97,52.516177222232024,88.88888888888889,ช,วิทยาศาสตร์,90,0.4982682254943155
164,40,35.714285714285715,37.5,74,103.44694111110437,100,ญ,ภาษาอังกฤษ,54.464285714285715,0.7441446200260275
165,30,42.857142857142854,56.25,78,126.57327055555251,100,ญ,ภาษาอังกฤษ,81.25,0.6122693202960077
166,30,57.14285714285714,37.5,82,124.40030013889074,100,ช,วิทยาศาสตร์,95,0.7969845146828454
167,70,78.57142857142857,87.5,95,152.53796972221798,88.88888888888889,ช,วิทยาศาสตร์,81.54761904761905,0.5906664036247677
168,30,57.14285714285714,68.75,80,106.93515333334605,88.88888888888889,ช,ภาษาอังกฤษ,71.11111111111111,0.4442619848210796
169,60,57.14285714285714,75,83,131.85868631945715,100,ช,วิทยาศาสตร์,82.5,0.7271635973933984
170,20,35.714285714285715,43.75,67,147.50948618056043,100,ช,วิทยาศาสตร์,62.976190476190474,0.5982060949198189
171,30,50,66.66666666666666,70,138.27267402776414,100,ญ,วิทยาศาสตร์,95,0.500649253
172,80,78.57142857142857,62.5,91,101.2562890972197,100,ช,วิทยาศาสตร์,95,0.44724523507061065
173,40,50,62.5,90,86.23599944444166,100,ญ,ภาษาอังกฤษ,75,0.5501728707353406
174,20,38.46153846153847,68.75,71,163.6567988888754,77.77777777777777,ช,ไทยสังคม,40,0.4187127048322054
175,30,35.714285714285715,50,77,98.44964632,100,ญ,ภาษาอังกฤษ,83.33333333333333,0.7719398885325416
176,30,71.42857142857143,68.75,77,151.38443118055662,100,ญ,ไทยสังคม,91.25,0.8054042567493225
177,40,71.42857142857143,43.75,65,66.75579486110144,100,ญ,ภาษาอังกฤษ,79.64285714285714,0.6154538663563498
178,70,57.14285714285714,50,83,60.56049375000927,100,ช,วิทยาศาสตร์,72.08333333333333,0.5360430366284689
179,20,78.57142857142857,56.25,78,117.98135624999802,88.88888888888889,ญ,ภาษาอังกฤษ,72.85714285714286,0.4725162177737886
180,60,50,50,78,139.17890347222487,100,ญ,ไทยสังคม,86.96428571428572,0.7898534245376139
181,10,50,31.25,63,123.50192013889551,100,ญ,วิทยาศาสตร์,95,0.8114608125405944
182,10,57.14285714285714,75,82,160.69162555555502,88.88888888888889,ญ,ไทยสังคม,82.5,0.9999999999999998
183,30,35.714285714285715,43.75,73,127.92286847222184,100,ญ,วิทยาศาสตร์,95,0.9007627434164127
184,40,50,50,82,131.63803930557435,100,ญ,ภาษาอังกฤษ,74.58333333333333,0.754894063
185,50,57.14285714285714,56.25,87,168.42840777777963,100,ญ,วิทยาศาสตร์,78.33333333333333,0.9999999999999998
186,30,35.714285714285715,31.25,60,128.86329659721918,100,ญ,วิทยาศาสตร์,90,0.744942888
187,40,42.857142857142854,62.5,74,130.77608680554562,100,ช,ภาษาอังกฤษ,76.54761904761905,0.5143464265792922
188,50,50,62.5,77,141.05952958333825,100,ช,วิทยาศาสตร์,69.76190476190476,0.7874400564170546
189,30,50,62.5,74,175.13253861112727,100,ญ,วิทยาศาสตร์,83.21428571428572,0.9999999999999998
190,50,57.14285714285714,68.75,83,161.89333666668998,100,ช,ภาษาอังกฤษ,73.33333333333333,0.7032051512808748
191,30,42.857142857142854,50,66,105.06303291665184,88.88888888888889,ญ,ภาษาอังกฤษ,95,0.6850941940329478
192,30,57.14285714285714,62.5,81,124.36121027777592,88.88888888888889,ญ,ไทยสังคม,85,0.6838387122397918
193,30,35.714285714285715,43.75,71,114.83572673610516,100,ช,วิทยาศาสตร์,95,0.7741187263076797
194,10,28.57142857142857,50,69,170.76394805557197,66.66666666666667,ช,ไทยสังคม,61.66666666666667,0.5480437734808935
195,20,64.28571428571429,56.25,80,119.13474277777806,100,ช,วิทยาศาสตร์,95,0.4978430520089064
196,60,78.57142857142857,68.75,86,142.5527349305484,100,ช,ไทยสังคม,82.5,0.9998185764262201
197,30,42.857142857142854,31.25,74,165.80775208334126,88.88888888888889,ญ,ไทยสังคม,79.04761904761905,0.5279258852951493
198,20,57.14285714285714,56.25,72,114.13237909722659,100,ช,วิทยาศาสตร์,90,0.8772693829431506
199,60,42.857142857142854,62.5,87,165.78859527776638,88.88888888888889,ช,วิทยาศาสตร์,73.75,0.5845883472626389
200,60,57.14285714285714,37.5,79,150.87298680557143,100,ช,วิทยาศาสตร์,95,0.7224563927906813
201,50,50,37.5,81,126.30410708333055,100,ช,วิทยาศาสตร์,72.79761904761905,0.6026219421205123
202,80,71.42857142857143,75,88,69.94702902777327,100,ช,ภาษาอังกฤษ,95,0.7690519382455505
203,40,50,62.5,77,144.6144209027456,100,ญ,วิทยาศาสตร์,90,0.60837691
204,50,35.714285714285715,56.25,85,141.50894666666787,100,ญ,วิทยาศาสตร์,82.5,0.8655499400927731
205,60,57.14285714285714,56.25,89,153.13555645831758,100,ญ,ไทยสังคม,95,0.6289909414599018
206,50,57.14285714285714,37.5,74,141.72764729167022,88.88888888888889,ญ,วิทยาศาสตร์,69.46428571428572,0.9988254001170578
207,30,64.28571428571429,56.25,69,141.19928888888825,100,ช,ไทยสังคม,92.5,0.7878304225715537
208,90,71.42857142857143,81.25,76,116.37282208333413,100,ญ,วิทยาศาสตร์,87.5,0.9430177537784109
209,40,57.14285714285714,56.25,84,138.33916090278163,100,ช,วิทยาศาสตร์,84.46428571428572,0.8667873531374479
210,30,64.28571428571429,62.5,86,180.92526152779658,88.88888888888889,ญ,ไทยสังคม,90,0.9999999999999998
211,30,57.14285714285714,50,69,179.96595250000556,66.66666666666667,ญ,วิทยาศาสตร์,95,0.839762032
212,20,28.57142857142857,25,70,144.4797656,100,ช,สุขศึกษาและพลศึกษา,54.166666666666664,0.9947858265492455
213,40,42.857142857142854,37.5,79,171.92934013886583,77.77777777777777,ช,สุขศึกษาและพลศึกษา,77.5,0.8744783950110513
214,30,21.428571428571427,31.25,65,172.35450791666904,88.88888888888889,ญ,สุขศึกษาและพลศึกษา,67.08333333333333,0.48118309467566794
215,40,42.857142857142854,50,69,122.4857523611188,88.88888888888889,ช,สุขศึกษาและพลศึกษา,63.333333333333336,0.7722722308425369
216,30,21.428571428571427,50,70,127.48668423609601,100,ญ,สุขศึกษาและพลศึกษา,82.5,0.9779152660572034
217,30,28.57142857142857,56.25,58,182.72380236109097,88.88888888888889,ช,สุขศึกษาและพลศึกษา,48.63095238095238,0.9120080990642565
218,20,21.428571428571427,25,57,130.04867131943504,100,ช,สุขศึกษาและพลศึกษา,69.58333333333333,0.9999999999999998
219,30,28.57142857142857,50,61,180.4822547222177,55.55555555555556,ช,สุขศึกษาและพลศึกษา,100,0.6907808688796035
220,50,42.857142857142854,31.25,65,165.12402236110634,88.88888888888889,ช,สุขศึกษาและพลศึกษา,78.21428571428572,0.9285214677683358
221,50,14.285714285714285,18.75,43,144.11982972224553,66.66666666666667,ช,สุขศึกษาและพลศึกษา,75,0.7850325803228057
222,40,50,18.75,57,158.9533756944206,77.77777777777777,ญ,สุขศึกษาและพลศึกษา,75.55555555555556,0.9996899566171459
223,30,35.714285714285715,37.5,62,138.91574236111506,88.88888888888889,ช,สุขศึกษาและพลศึกษา,77.08333333333333,0.927944232
224,30,21.428571428571427,56.25,65,141.78652513888147,100,ช,สุขศึกษาและพลศึกษา,75.71428571428572,0.9999999999999998
225,40,21.428571428571427,6.25,60,148.01269541667568,88.88888888888889,ญ,สุขศึกษาและพลศึกษา,80,0.6704364832950827
226,20,35.714285714285715,12.5,56,182.65234624998436,88.88888888888889,ญ,สุขศึกษาและพลศึกษา,81.25,0.9370810422400055
227,50,35.714285714285715,46.666666666666664,63,157.47618986109893,77.77777777777777,ช,สุขศึกษาและพลศึกษา,68.33333333333333,0.9999999999999998
228,20,14.285714285714285,31.25,64,119.59332215277685,100,ญ,สุขศึกษาและพลศึกษา,73.33333333333333,0.7666981561591396
229,60,50,31.25,76,152.9749479861061,100,ช,สุขศึกษาและพลศึกษา,85,0.6802387167514636
230,30,28.57142857142857,18.75,56,179.9254288888971,88.88888888888889,ช,สุขศึกษาและพลศึกษา,49.04761904761905,0.6786661098079902
231,40,28.57142857142857,31.25,68,172.81976583335134,88.88888888888889,ช,สุขศึกษาและพลศึกษา,76.66666666666667,1
232,20,28.57142857142857,31.25,48,145.4455883333087,88.88888888888889,ช,สุขศึกษาและพลศึกษา,67.5,0.9999999999999998
233,40,35.714285714285715,18.75,70,111.21533500000835,88.88888888888889,ญ,สุขศึกษาและพลศึกษา,71.25,0.9999999999999998
234,40,42.857142857142854,43.75,79,180.32505194442138,100,ญ,สุขศึกษาและพลศึกษา,62.083333333333336,0.6790434566906697
235,40,7.142857142857142,6.25,54,151.8527097222209,62.5,ญ,ศิลปศึกษา,75,0.9506682913972309
236,40,7.142857142857142,6.25,54,151.8527097222209,62.5,ญ,ศิลปศึกษา,75,0.8155927664160083
237,40,7.142857142857142,6.25,54,151.8527097222209,62.5,ญ,ศิลปศึกษา,72.5,0.9506682913972309
238,40,7.142857142857142,6.25,54,151.8527097222209,62.5,ญ,ศิลปศึกษา,72.5,0.8155927664160083
239,20,42.857142857142854,62.5,75,155.71588305554457,100,ญ,ศิลปศึกษา,80,0.9855051678452438
240,20,42.857142857142854,62.5,75,155.71588305554457,100,ญ,ศิลปศึกษา,80,0.7900547254943978
241,20,42.857142857142854,62.5,75,155.71588305554457,100,ญ,ศิลปศึกษา,80,0.9855051678452438
242,20,42.857142857142854,62.5,75,155.71588305554457,100,ญ,ศิลปศึกษา,80,0.7900547254943978
243,20,42.857142857142854,43.75,75,155.01367472223112,100,ญ,ศิลปศึกษา,82.5,0.7120477753034806
244,20,42.857142857142854,43.75,75,155.01367472223112,100,ญ,ศิลปศึกษา,82.5,0.7264733432405557
245,20,42.857142857142854,43.75,75,155.01367472223112,100,ญ,ศิลปศึกษา,69.58333333333333,0.7120477753034806
246,20,42.857142857142854,43.75,75,155.01367472223112,100,ญ,ศิลปศึกษา,69.58333333333333,0.7264733432405557
247,60,28.57142857142857,12.5,69,160.17742590280045,75,ช,ศิลปศึกษา,73.33333333333333,0.878361956
248,60,28.57142857142857,12.5,69,160.17742590280045,75,ช,ศิลปศึกษา,73.33333333333333,0.7411899562881676
249,60,28.57142857142857,12.5,69,160.17742590280045,75,ช,ศิลปศึกษา,48.888888888888886,0.878361956
250,60,28.57142857142857,12.5,69,160.17742590280045,75,ช,ศิลปศึกษา,48.888888888888886,0.7411899562881676
251,60,42.857142857142854,43.75,59,144.8180721296315,87.5,ญ,ศิลปศึกษา,66.25,0.8132873375699292
252,60,42.857142857142854,43.75,59,144.8180721296315,87.5,ญ,ศิลปศึกษา,66.25,0.607154953
253,60,42.857142857142854,43.75,59,144.8180721296315,87.5,ญ,ศิลปศึกษา,54.166666666666664,0.8132873375699292
254,60,42.857142857142854,43.75,59,144.8180721296315,87.5,ญ,ศิลปศึกษา,54.166666666666664,0.607154953
255,30,21.428571428571427,37.5,63,150.40378291666508,75,ญ,ศิลปศึกษา,77.5,0.6772248323061721
256,30,21.428571428571427,37.5,63,150.40378291666508,75,ญ,ศิลปศึกษา,77.5,NA
257,30,21.428571428571427,37.5,63,150.40378291666508,75,ญ,ศิลปศึกษา,20,0.6772248323061721
258,30,21.428571428571427,37.5,63,150.40378291666508,75,ญ,ศิลปศึกษา,20,NA
259,10,21.428571428571427,25,46,155.1946744444304,77.77777777777777,ญ,ดนตรีศึกษา,58.095238095238095,0.7350190541115591
260,30,35.714285714285715,50,73,158.4157954166664,88.88888888888889,ช,ดนตรีศึกษา,67.5,0.9999999999999999
261,40,21.428571428571427,37.5,75,142.64741097220116,100,ช,ดนตรีศึกษา,82.5,0.44705259600886527
262,40,35.714285714285715,18.75,58,157.6749527777897,88.88888888888889,ช,ดนตรีศึกษา,47.38095238095238,0.3899546956652264
263,70,35.714285714285715,31.25,66,152.9243542361094,100,ช,ดนตรีศึกษา,87.5,0.6439731376492127
264,50,71.42857142857143,25,64,157.1052565277616,77.77777777777777,ช,ดนตรีศึกษา,43.39285714285714,0.4502605130071813
265,40,28.57142857142857,6.25,55,178.12515847222673,88.88888888888889,ญ,ดนตรีศึกษา,76.66666666666667,0.9077836673990745
266,20,35.714285714285715,6.25,57,154.09420291665526,100,ช,ดนตรีศึกษา,48.69047619047619,0.6810890269852967
267,40,21.428571428571427,43.75,71,142.9703274305496,100,ช,ดนตรีศึกษา,77.5,0.8974614439609063
268,10,14.285714285714285,37.5,53,158.43328402777513,88.88888888888889,ช,ดนตรีศึกษา,80.83333333333333,1
269,40,14.285714285714285,56.25,70,138.86299006943904,100,ช,ดนตรีศึกษา,90,0.9999999999999998
270,40,21.428571428571427,12.5,63,158.0499151388804,88.88888888888889,ช,ดนตรีศึกษา,90,0.8380794171498467
271,50,28.57142857142857,18.75,60,133.94634631945027,100,ญ,ดนตรีศึกษา,87.5,0.8470888005465358
272,40,21.428571428571427,31.25,66,137.70230249999298,100,ช,ดนตรีศึกษา,92.5,0.9844434180822734
273,40,21.428571428571427,31.25,66,159.09093986110554,77.77777777777777,ญ,ดนตรีศึกษา,50.89285714285714,0.3686932688927624
274,20,14.285714285714285,43.75,67,158.17765902777512,88.88888888888889,ญ,ดนตรีศึกษา,90,0.8731287601418032
275,30,21.428571428571427,18.75,68,158.83013041668468,77.77777777777777,ญ,ดนตรีศึกษา,40.95238095238095,0.6125054165359664
276,10,7.142857142857142,37.5,59,158.17043833331928,88.88888888888889,ช,ดนตรีศึกษา,90,0.7408021971182843
277,20,7.142857142857142,31.25,51,139.74271340279117,100,ช,ดนตรีศึกษา,90,0.8256839742248565
278,40,35.714285714285715,37.5,75,123.99262666665845,77.77777777777777,ช,ดนตรีศึกษา,81.96428571428572,0.5269469750638895
279,30,14.285714285714285,18.75,61,153.71424958331716,88.88888888888889,ช,ดนตรีศึกษา,90,0.7758418582626045
280,50,50,68.75,73,158.03787625001536,100,ช,เทคโนโลยีการศึกษา,67.5,0.9943450859385783
281,40,35.714285714285715,31.25,76,168.6225376389093,88.88888888888889,ช,เทคโนโลยีการศึกษา,82.5,0.6696329629355161
282,50,57.14285714285714,43.75,66,164.43544847223492,100,ช,เทคโนโลยีการศึกษา,82.5,0.9999999999999998
283,40,71.42857142857143,50,84,158.71478944443993,100,ช,เทคโนโลยีการศึกษา,63.333333333333336,0.9768126644655527
284,0,28.57142857142857,50,69,166.51385999997456,88.88888888888889,ช,เทคโนโลยีการศึกษา,78.57142857142857,0.9874883168743285
285,20,7.142857142857142,37.5,62,164.70123875002065,100,ญ,เทคโนโลยีการศึกษา,95,0.8899217077058316
286,40,28.57142857142857,37.5,79,169.24140486111241,100,ช,เทคโนโลยีการศึกษา,77.5,0.9779986398190084
287,20,35.714285714285715,37.5,65,161.01099597222276,100,ญ,เทคโนโลยีการศึกษา,91.42857142857143,0.637058035
288,20,35.714285714285715,25,60,176.94176305555635,88.88888888888889,ญ,การศึกษานอกระบบโรงเรียน,67.08333333333333,0.4072357746290327
289,0,7.142857142857142,43.75,56,144.9889776388804,100,ญ,การศึกษานอกระบบโรงเรียน,92.5,0.8481271411023165
290,50,71.42857142857143,75,74,32.73265437498689,100,ช,การศึกษานอกระบบโรงเรียน,82.5,0.7536806197217598
291,30,42.857142857142854,31.25,68,120.0308563888901,100,ญ,การศึกษานอกระบบโรงเรียน,80,0.7154182187036593
292,30,57.14285714285714,37.5,67,172.79612,100,ญ,การศึกษานอกระบบโรงเรียน,75,0.5526475747684144
293,20,28.57142857142857,43.75,69,139.79807444444964,100,ญ,การศึกษานอกระบบโรงเรียน,69.04761904761905,0.4533379508401457
294,0,28.57142857142857,25,66,140.69071388890347,88.88888888888889,ญ,การศึกษานอกระบบโรงเรียน,75.17857142857143,0.8535368982505906
295,30,57.14285714285714,50,65,158.5304854166839,88.88888888888889,ช,การศึกษานอกระบบโรงเรียน,65,0.60564896
296,20,42.857142857142854,18.75,54,176.6921481944455,88.88888888888889,ช,การศึกษานอกระบบโรงเรียน,90.71428571428572,0.9873732467815022
297,60,50,43.75,70,136.54100555555686,88.88888888888889,ญ,การศึกษานอกระบบโรงเรียน,70,0.7220319700949347
298,20,57.14285714285714,68.75,67,137.24015645833478,100,ญ,การศึกษานอกระบบโรงเรียน,70.83333333333333,0.810314032
299,30,42.857142857142854,43.75,62,130.56030277778706,100,ช,การศึกษานอกระบบโรงเรียน,87.5,0.6786894561697462
300,30,28.57142857142857,56.25,83,152.29939277776413,100,ญ,การศึกษานอกระบบโรงเรียน,87.5,0.66135745
301,20,21.428571428571427,25,64,168.07726597219704,88.88888888888889,ญ,การศึกษานอกระบบโรงเรียน,92.5,0.6766564783343368
302,20,28.57142857142857,31.25,61,176.40308027777405,77.77777777777777,ญ,การศึกษานอกระบบโรงเรียน,92.5,0.8262728224818066
303,20,35.714285714285715,25,67,179.0554845833447,88.88888888888889,ญ,การศึกษานอกระบบโรงเรียน,73.33333333333333,0.54842014
304,50,64.28571428571429,50,72,150.80206361110015,100,ญ,การศึกษานอกระบบโรงเรียน,76.25,0.8387991563117942
305,20,42.857142857142854,50,85,181.94484972225297,77.77777777777777,ช,การศึกษานอกระบบโรงเรียน,73.33333333333333,0.7526416371810665
306,40,50,56.25,79,167.6961274999711,88.88888888888889,ช,การศึกษานอกระบบโรงเรียน,73.33333333333333,0.9519270844415635
307,20,42.857142857142854,50,71,116.9347755555643,100,ญ,การศึกษานอกระบบโรงเรียน,67.97619047619048,0.5659805544671682
308,40,64.28571428571429,43.75,63,182.17367569443252,88.88888888888889,ญ,การศึกษานอกระบบโรงเรียน,72.5,0.4626652734512027
309,40,42.857142857142854,62.5,71,149.51892298610673,100,ญ,การศึกษานอกระบบโรงเรียน,64.58333333333333,0.8890656
310,30,50,43.75,71,149.83848791667157,100,ญ,การศึกษานอกระบบโรงเรียน,70.83333333333333,0.6673974109050452
311,10,28.57142857142857,50,64,143.8488270139032,100,ญ,การศึกษานอกระบบโรงเรียน,72.5,0.8444683122267178
312,20,64.28571428571429,81.25,81,180.83804861108462,88.88888888888889,ญ,การศึกษานอกระบบโรงเรียน,83.33333333333333,0.9538167678457594
313,40,64.28571428571429,56.25,68,149.11013486110502,100,ญ,การศึกษานอกระบบโรงเรียน,82.5,0.8813291012978912
314,30,75,55.55555555555556,84,145.92416347222195,100,ญ,การศึกษาปฐมวัย,82.5,1
315,40,58.333333333333336,55.55555555555556,60,128.12002409721413,100,ญ,การศึกษาปฐมวัย,73.75,0.5159800015124711
316,60,58.333333333333336,38.88888888888889,79,139.81483930556308,100,ญ,การศึกษาปฐมวัย,78.75,0.6419615858791261
317,30,25,33.33333333333333,65,158.80084666666056,100,ช,การศึกษาปฐมวัย,78.75,0.9997860216152179
318,20,25,66.66666666666666,68,85.47500659722421,75,ช,การศึกษาปฐมวัย,68.33333333333333,0.9999999999999998
319,30,41.66666666666667,33.33333333333333,69,157.27560874998568,100,ญ,การศึกษาปฐมวัย,80,0.9979919038221501
320,70,58.333333333333336,50,70,158.54380548611283,100,ญ,การศึกษาปฐมวัย,75.17857142857143,0.8412443021610777
321,50,50,38.88888888888889,77,154.85409618054825,100,ญ,การศึกษาปฐมวัย,63.75,0.8373435188201228
322,30,41.66666666666667,44.44444444444444,64,140.51774076387284,50,ญ,การศึกษาปฐมวัย,55,0.6499009769017458
323,20,66.66666666666666,27.77777777777778,77,152.4549205555353,100,ญ,การศึกษาปฐมวัย,55,0.9136944357180465
324,50,25,27.77777777777778,77,143.05038375001817,100,ญ,การศึกษาปฐมวัย,85,1
325,30,33.33333333333333,27.77777777777778,66,159.43809583332805,87.5,ญ,การศึกษาปฐมวัย,81.42857142857143,0.986961568
326,50,58.333333333333336,33.33333333333333,70,111.02003652777935,87.5,ญ,การศึกษาปฐมวัย,83.33333333333333,0.9999999999999999
327,70,50,44.44444444444444,61,156.52906555553278,100,ญ,การศึกษาปฐมวัย,82.5,0.8894598711529518
328,50,25,27.77777777777778,58,143.6938963888917,50,ญ,การศึกษาปฐมวัย,80,0.5284086941793272
329,30,58.333333333333336,55.55555555555556,78,157.0072625694507,100,ญ,การศึกษาปฐมวัย,85,0.9066646658391453
330,60,41.66666666666667,38.88888888888889,75,99.73299187499616,100,ญ,การศึกษาปฐมวัย,65.35714285714286,0.7727255875326802
331,30,50,38.88888888888889,75,118.3130384722352,100,ญ,การศึกษาปฐมวัย,78.75,0.526122323
332,40,50,38.88888888888889,61,151.0382884027726,100,ญ,การศึกษาปฐมวัย,85,0.8367114348344198
333,20,50,44.44444444444444,67,153.39237145831186,100,ญ,การศึกษาปฐมวัย,80,0.6912182305795126
334,20,41.66666666666667,50,67,122.25028951388266,100,ญ,การศึกษาปฐมวัย,68.75,0.9995694838329313
335,50,58.333333333333336,33.33333333333333,81,128.23230111110541,100,ญ,การศึกษาปฐมวัย,78.75,0.8306304916378936
336,20,50,16.666666666666664,76,148.92350222220023,100,ญ,การศึกษาปฐมวัย,66.25,0.6666153999271541
337,70,75,83.33333333333334,94,68.67374548610714,100,ญ,ไทยสังคม,85,0.9035089247107773
338,30,75,44.44444444444444,68,75.65671104166242,75,ช,คณิตศาสตร์,63.333333333333336,0.48820399467044945
339,40,50,55.55555555555556,74,150.8461898610824,87.5,ญ,ไทยสังคม,80,0.8063381412986723
340,30,75,38.88888888888889,79,139.67774618056086,100,ญ,ไทยสังคม,85,1
341,30,41.66666666666667,44.44444444444444,64,157.85878361110886,100,ช,คณิตศาสตร์,82.5,0.6371648939401595
342,60,41.66666666666667,66.66666666666666,71,143.1842765,87.5,ช,คณิตศาสตร์,58.75,0.8663945299288071
343,30,33.33333333333333,33.33333333333333,81,143.21319861110715,100,ญ,ไทยสังคม,85,0.905055945
344,60,75,44.44444444444444,81,131.29539291666612,100,ญ,คณิตศาสตร์,68.75,0.46466488647209653
345,60,58.333333333333336,44.44444444444444,70,113.56250374999311,87.5,ช,คณิตศาสตร์,76.66666666666667,0.7846921731393739
346,50,50,88.88888888888889,76,156.4056441666848,50,ญ,คณิตศาสตร์,80,0.8524620765948522
347,70,50,38.88888888888889,61,146.8141666666667,37.5,ช,คณิตศาสตร์,45,0.39047786683113467
348,10,41.66666666666667,27.77777777777778,72,88.92021381946074,87.5,ญ,คณิตศาสตร์,68.75,0.26172079492099964
349,50,50,44.44444444444444,77,136.2256797222131,62.5,ช,คณิตศาสตร์,97.5,0.4960138012691148
350,66.66666666666666,33.33333333333333,47.05882352941176,75,155.3642716666725,100,ญ,ไทยสังคม,81.25,0.7580014256088115
351,20,33.33333333333333,38.88888888888889,71,149.38191305554574,100,ช,คณิตศาสตร์,80,0.5895832292740678
352,30,50,55.55555555555556,72,128.40604250000584,100,ญ,ไทยสังคม,83.75,0.9999999999999998
353,0,66.66666666666666,61.111111111111114,82,60.515094722227914,100,ญ,ไทยสังคม,83.75,0.979100932
354,50,50,38.88888888888889,84,131.13957847222684,100,ช,คณิตศาสตร์,77.5,0.8959888554273754
355,30,75,66.66666666666666,85,115.04742618054152,100,ช,คณิตศาสตร์,83.75,0.5344077515407583
356,40,75,50,66,152.68976034722394,100,ช,คณิตศาสตร์,82.5,0.740312049
357,40,66.66666666666666,33.33333333333333,75,141.51423972220886,100,ญ,ไทยสังคม,82.5,0.9999999999999998
358,40,41.66666666666667,33.33333333333333,78,158.74186909721956,100,ช,คณิตศาสตร์,78.75,0.7106955252122076
359,20,33.33333333333333,33.33333333333333,62,139.37346409723162,75,ช,คณิตศาสตร์,62.5,0.6622059352137235
360,60,41.66666666666667,50,70,138.75777381944988,100,ช,คณิตศาสตร์,82.5,0.7236633009516424
361,30,41.66666666666667,66.66666666666666,82,151.4948699305455,100,ช,คณิตศาสตร์,80,0.9861073676113762
362,40,41.66666666666667,77.77777777777779,92,137.52855770832963,100,ช,คณิตศาสตร์,72.5,0.45482517600491484
363,40,41.66666666666667,50,70,149.08161625001168,87.5,ญ,คณิตศาสตร์,61.666666666666664,0.9999999999999999
364,40,66.66666666666666,33.33333333333333,82,46.56385312499271,100,ญ,ไทยสังคม,83.75,0.9783341013561959
365,60,58.333333333333336,55.55555555555556,83,52.37365444444948,100,ญ,คณิตศาสตร์,85,0.7348734356295986
366,30,58.333333333333336,44.44444444444444,64,158.09180284723638,100,ช,คณิตศาสตร์,82.5,0.39198117165977453
367,30,41.66666666666667,55.55555555555556,78,114.05558131943147,100,ญ,คณิตศาสตร์,68.92857142857143,0.9021281967917321
368,40,58.333333333333336,66.66666666666666,80,139.26150381944245,100,ญ,ไทยสังคม,76.25,1
369,40,91.66666666666666,38.88888888888889,79,132.02331895833214,87.5,ญ,คณิตศาสตร์,85,0.6483066666055555
370,40,33.33333333333333,38.88888888888889,69,65.30423597223229,100,ช,คณิตศาสตร์,70,0.5352149128176321
371,50,63.63636363636363,38.88888888888889,72,83.56469430554245,100,ญ,คณิตศาสตร์,78.75,0.5413456305511992
372,10,36.36363636363637,5.555555555555555,73,134.54830805554985,100,ญ,ไทยสังคม,85,0.9999999999999999
373,30,50,38.88888888888889,72,127.8443655555778,62.5,ญ,ไทยสังคม,50,0.7363753735166583
374,20,41.66666666666667,55.55555555555556,69,140.44721138887937,100,ช,คณิตศาสตร์,82.5,0.9999999999999998
375,30,66.66666666666666,50,68,150.34353493056364,100,ช,คณิตศาสตร์,81.25,0.9894535427688991
376,30,41.66666666666667,44.44444444444444,74,137.93196895832818,100,ช,คณิตศาสตร์,70,0.8778133706897221
377,50,41.66666666666667,33.33333333333333,80,43.15249777777327,100,ญ,ไทยสังคม,69.46428571428571,0.9646755962410751
378,40,50,50,80,141.0027985416684,87.5,ญ,คณิตศาสตร์,70,0.5846787354022058
379,40,25,27.77777777777778,81,118.5238808333377,100,ญ,คณิตศาสตร์,82.5,0.9999999999999999
380,70,66.66666666666666,55.55555555555556,86,53.06304104167555,100,ญ,ไทยสังคม,83.75,0.9999999999999998
381,40,41.66666666666667,50,77,160.00811187500756,100,ญ,คณิตศาสตร์,73.92857142857143,0.754639538
382,40,16.666666666666664,44.44444444444444,80,151.33748715278176,100,ญ,ไทยสังคม,85,0.9908476346236088
383,30,50,44.44444444444444,77,149.96019618055885,100,ญ,คณิตศาสตร์,76.25,0.6481266965287142
384,40,66.66666666666666,50,83,149.43476902779605,100,ช,คณิตศาสตร์,82.5,0.6323465106084397
385,60,75,66.66666666666666,87,134.01820368056497,100,ช,ไทยสังคม,85,0.9999999999999997
386,20,25,38.88888888888889,61,148.50033243055145,100,ช,คณิตศาสตร์,82.5,0.7901599508898897
387,50,41.66666666666667,22.22222222222222,65,154.6707775694463,87.5,ช,คณิตศาสตร์,82.5,0.6869127277617754
388,60,75,77.77777777777779,79,54.947531180547344,75,ช,คณิตศาสตร์,63.333333333333336,0.5037810884056086
389,10,25,35.294117647058826,57,150.44711951388254,75,ช,คณิตศาสตร์,51.42857142857143,0.4418659089046354
390,50,50,44.44444444444444,78,154.31230222221876,87.5,ช,คณิตศาสตร์,93.33333333333333,0.40571592340833895
391,30,41.66666666666667,50,86,30.016476666662427,100,ช,คณิตศาสตร์,81.25,0.4999488633206453
392,20,33.33333333333333,50,78,127.9306149999963,87.5,ญ,คณิตศาสตร์,83.75,0.6575384095269678
393,40,58.333333333333336,44.44444444444444,73,157.7895881944398,100,ญ,ไทยสังคม,67.5,0.9999999999999999
394,80,50,33.33333333333333,80,121.14160819444392,100,ญ,ไทยสังคม,81.25,0.543336519
395,30,41.66666666666667,44.44444444444444,87,148.47017111111018,100,ญ,ไทยสังคม,67.5,0.6777527314973466
396,50,66.66666666666666,55.55555555555556,77,152.78999611109495,100,ญ,คณิตศาสตร์,85,0.49838888140657733
397,30,33.33333333333333,38.88888888888889,78,157.88459944446882,100,ญ,ไทยสังคม,76.25,0.9101143264398235
398,50,58.333333333333336,55.55555555555556,77,79.70329041668111,100,ญ,ไทยสังคม,83.75,0.9999999999999997
399,50,50,50,76,144.37468534721268,100,ญ,ไทยสังคม,85,0.9418417488304733
400,70,83.33333333333334,50,81,150.51270909723308,100,ญ,คณิตศาสตร์,81.25,0.7103584204617379
401,30,66.66666666666666,33.33333333333333,68,137.94923451388877,100,ญ,คณิตศาสตร์,80,0.8535086147584268
402,50,41.66666666666667,55.55555555555556,71,158.80143006943993,100,ญ,คณิตศาสตร์,72.5,0.5565237589205979
403,50,33.33333333333333,27.77777777777778,71,159.35793430556856,100,ญ,ศิลปศึกษา,80,0.612794636
404,50,33.33333333333333,38.88888888888889,53,156.71751048612924,62.5,ช,ศิลปศึกษา,90,0.8277591700788177
405,30,33.33333333333333,38.88888888888889,52,115.4193705555631,100,ญ,ศิลปศึกษา,72.67857142857143,0.9125313752406378
406,20,25,38.88888888888889,72,150.85066249998079,100,ญ,ศิลปศึกษา,75.17857142857143,0.6410248399290934
407,30,50,22.22222222222222,54,147.11379041668442,100,ญ,ศิลปศึกษา,78.75,0.8995490205513342
408,30,16.666666666666664,33.33333333333333,50,154.13043937499324,87.5,ญ,ศิลปศึกษา,65,0.5569663385459205
409,60,33.33333333333333,38.88888888888889,61,149.35918513887458,75,ช,ศิลปศึกษา,60,0.8274310595928726
410,30,33.33333333333333,44.44444444444444,70,131.20155500001377,87.5,ญ,ศิลปศึกษา,66.66666666666667,0.24021087927268062
411,70,75,55.55555555555556,86,163.37844277777606,100,ญ,ศิลปศึกษา,85,0.9584503149474519
412,20,33.33333333333333,16.666666666666664,52,232.97063652777007,50,ญ,ศิลปศึกษา,43.57142857142857,0.9613004230966333
413,20,41.66666666666667,38.88888888888889,60,156.68327368055782,37.5,ญ,ศิลปศึกษา,82.5,0.8314294513874223
414,30,25,38.88888888888889,54,146.79400111110675,100,ช,ศิลปศึกษา,76.42857142857143,0.9998078299395305
415,40,50,44.44444444444444,67,157.5040461110903,100,ช,ศิลปศึกษา,71.42857142857143,0.9299495985430337
416,10,58.333333333333336,38.88888888888889,83,146.64284833331902,100,ช,ศิลปศึกษา,76.25,0.5905504274695252
417,60,25,27.77777777777778,58,148.65424250000052,87.5,ญ,ศิลปศึกษา,76.25,0.7805603821397993
418,20,33.33333333333333,16.666666666666664,52,114.78034069445397,75,ช,ศิลปศึกษา,75.17857142857143,0.9999999999999999
419,30,25,50,68,149.38027090279593,100,ช,ศิลปศึกษา,72.67857142857143,1
420,30,50,33.33333333333333,59,118.72128548610542,100,ญ,ศิลปศึกษา,80,0.9112582322843374
421,50,50,27.77777777777778,54,146.54008347223203,100,ญ,ศิลปศึกษา,78.75,0.9672245542892624
422,40,33.33333333333333,27.77777777777778,67,144.1813566666676,100,ญ,ศิลปศึกษา,77.5,0.9920732250335222
423,30,33.33333333333333,55.55555555555556,69,163.05187013889352,100,ญ,ศิลปศึกษา,80,0.984459233
424,10,50,38.88888888888889,61,145.25276951387525,87.5,ญ,ศิลปศึกษา,85.23809523809524,0.8454824351798608
425,40,16.666666666666664,22.22222222222222,54,156.58128722222315,75,ช,ศิลปศึกษา,63.392857142857146,0.7445344225430921
426,40,58.333333333333336,38.88888888888889,93,34.82779444444511,100,ญ,ศิลปศึกษา,73.75,0.3597583941249818
427,50,41.66666666666667,38.88888888888889,65,109.73215152778559,100,ญ,ศิลปศึกษา,80,0.7128946658675619
428,50,41.66666666666667,27.77777777777778,62,150.97332333332963,62.5,ญ,ศิลปศึกษา,47.38095238095238,0.2622156376641467
429,40,33.33333333333333,44.44444444444444,75,144.33652777777775,75,ญ,ศิลปศึกษา,68.75,0.5065013130218499
430,0,25,33.33333333333333,66,146.97158069443373,87.5,ช,ศิลปศึกษา,73.33333333333333,0.7343856730179552
431,40,25,38.88888888888889,57,146.06408902777565,100,ช,ศิลปศึกษา,72.85714285714286,0.9591845028947832
432,30,16.666666666666664,16.666666666666664,74,163.2397663194438,100,ญ,ศิลปศึกษา,66.25,0.9495411086006951
433,40,58.333333333333336,22.22222222222222,73,85.34847715276811,100,ญ,ศิลปศึกษา,68.75,0.9674032885070085
434,50,75,33.33333333333333,77,114.43235680555304,100,ญ,ธุรกิจและอาชีวศึกษา,73.75,0.9870337961641534
435,40,33.33333333333333,33.33333333333333,71,152.65570409720144,87.5,ช,ธุรกิจและอาชีวศึกษา,63.57142857142857,0.9681202007483218
436,20,58.333333333333336,55.55555555555556,81,127.38170993054906,100,ญ,ธุรกิจและอาชีวศึกษา,78.75,0.6714187652009911
437,40,33.33333333333333,33.33333333333333,68,135.2712335416509,100,ญ,ธุรกิจและอาชีวศึกษา,76.25,1
438,33.33333333333333,33.33333333333333,22.22222222222222,66,143.7158728472226,87.5,ญ,ธุรกิจและอาชีวศึกษา,67.5,0.8288816414159066
439,60,66.66666666666666,33.33333333333333,63,151.59452312499283,100,ญ,ธุรกิจและอาชีวศึกษา,51.42857142857143,0.6776269931372176
440,40,33.33333333333333,27.77777777777778,72,154.1355178472234,100,ญ,ธุรกิจและอาชีวศึกษา,78.75,0.9897931494201837
441,20,50,38.88888888888889,64,154.1272295138902,100,ช,ธุรกิจและอาชีวศึกษา,55.35714285714286,0.36472314403287454
442,20,50,33.33333333333333,66,155.83204041668108,87.5,ญ,ธุรกิจและอาชีวศึกษา,71.66666666666667,0.8064959575770371
443,30,50,33.33333333333333,62,157.41947743054894,100,ญ,ธุรกิจและอาชีวศึกษา,63.75,0.7969431951551674
444,30,41.66666666666667,27.77777777777778,66,140.11776756943928,100,ญ,ธุรกิจและอาชีวศึกษา,68.75,0.7798953052519706
445,50,41.66666666666667,56.25,75,154.62547909725043,100,ญ,ธุรกิจและอาชีวศึกษา,75,0.7955620432230334
446,50,58.333333333333336,22.22222222222222,69,126.45133527775606,100,ญ,ธุรกิจและอาชีวศึกษา,85,0.7960307687519876
447,10,41.66666666666667,33.33333333333333,65,161.7760978472233,75,ญ,ธุรกิจและอาชีวศึกษา,59.04761904761905,0.6523870245370103
448,50,33.33333333333333,16.666666666666664,70,126.26640833331479,100,ญ,ธุรกิจและอาชีวศึกษา,56.25,0.7056772177280435
449,20,83.33333333333334,55.55555555555556,81,154.79380819444856,87.5,ญ,ธุรกิจและอาชีวศึกษา,95,0.5327355529708868
450,40,50,61.111111111111114,61,149.17705381944774,100,ญ,ธุรกิจและอาชีวศึกษา,81.25,0.9391402227940764
451,40,33.33333333333333,38.88888888888889,63,145.2188694,100,ช,ธุรกิจและอาชีวศึกษา,66.78571428571429,0.911240442
452,20,50,27.77777777777778,66,153.26740993056032,100,ญ,ธุรกิจและอาชีวศึกษา,81.25,0.8026610955097985
453,30,50,22.22222222222222,75,112.12309652778836,100,ช,ธุรกิจและอาชีวศึกษา,62.5,0.7294248680500437
454,30,41.66666666666667,33.33333333333333,59,157.88935416665342,62.5,ช,ธุรกิจและอาชีวศึกษา,80,0.8478233826541346
455,20,41.66666666666667,27.77777777777778,64,147.64770055558947,62.5,ช,ธุรกิจและอาชีวศึกษา,80,0.9957642700384055
456,50,36.36363636363637,44.44444444444444,82,158.38789875000717,87.5,ญ,ธุรกิจและอาชีวศึกษา,83.75,0.7268510146452143
457,40,33.33333333333333,27.77777777777778,66,148.8466769,50,ญ,ธุรกิจและอาชีวศึกษา,95,0.9705148074716692
458,30,41.66666666666667,50,62,151.58498777780267,62.5,ญ,ธุรกิจและอาชีวศึกษา,70,1
459,20,41.66666666666667,22.22222222222222,81,97.72073139,100,ช,จิตวิทยาการปรึกษา การแนะแนวและการศึกษาพิเศษ,83.75,0.9240350852470325
460,60,66.66666666666666,22.22222222222222,84,145.83559555555382,100,ญ,จิตวิทยาการปรึกษา การแนะแนวและการศึกษาพิเศษ,80,0.6280187994014954
461,50,50,50,80,130.28961208333573,100,ญ,จิตวิทยาการปรึกษา การแนะแนวและการศึกษาพิเศษ,82.5,0.8837729076629299
462,40,33.33333333333333,33.33333333333333,59,110.94667937498954,87.5,ญ,จิตวิทยาการปรึกษา การแนะแนวและการศึกษาพิเศษ,80,0.7061781800152389
463,40,50,38.88888888888889,68,118.81902409724063,100,ญ,จิตวิทยาการปรึกษา การแนะแนวและการศึกษาพิเศษ,82.5,0.9561606399507221
464,50,66.66666666666666,55.55555555555556,78,113.05254430555635,100,ญ,จิตวิทยาการปรึกษา การแนะแนวและการศึกษาพิเศษ,55.35714285714286,0.8798330903218283
465,30,25,33.33333333333333,70,153.15317125000888,75,ช,จิตวิทยาการปรึกษา การแนะแนวและการศึกษาพิเศษ,78.33333333333333,0.9999999999999998
466,50,58.333333333333336,50,78,26.18205118055145,100,ช,จิตวิทยาการปรึกษา การแนะแนวและการศึกษาพิเศษ,66.25,0.3126155517400459
467,30,50,33.33333333333333,70,149.4861687499947,100,ช,จิตวิทยาการปรึกษา การแนะแนวและการศึกษาพิเศษ,77.5,0.9661818637844048
468,50,66.66666666666666,44.44444444444444,86,142.65239284720684,100,ญ,จิตวิทยาการปรึกษา การแนะแนวและการศึกษาพิเศษ,85,0.7873454763916248
469,40,16.666666666666664,55.55555555555556,70,148.36031333333915,62.5,ญ,จิตวิทยาการปรึกษา การแนะแนวและการศึกษาพิเศษ,38.333333333333336,0.9957591128378305
470,40,33.33333333333333,38.88888888888889,66,153.20426798610225,87.5,ช,จิตวิทยาการปรึกษา การแนะแนวและการศึกษาพิเศษ,82.5,0.7054817372787007
471,40,50,27.77777777777778,71,105.80647680555779,100,ช,จิตวิทยาการปรึกษา การแนะแนวและการศึกษาพิเศษ,83.75,0.7563737945412077
472,30,58.333333333333336,50,81,134.35113569445082,100,ช,จิตวิทยาการปรึกษา การแนะแนวและการศึกษาพิเศษ,72.85714285714286,0.9977189232322032
473,40,25,38.88888888888889,58,149.3506966667043,75,ช,จิตวิทยาการปรึกษา การแนะแนวและการศึกษาพิเศษ,48.57142857142857,0.74199841
474,60,50,33.33333333333333,73,139.51602861109706,87.5,ญ,จิตวิทยาการปรึกษา การแนะแนวและการศึกษาพิเศษ,78.75,0.8831728831707532
475,60,58.333333333333336,44.44444444444444,66,135.26639534721772,100,ช,จิตวิทยาการปรึกษา การแนะแนวและการศึกษาพิเศษ,83.75,0.8965178847400899
476,40,41.66666666666667,44.44444444444444,66,113.81360923611456,100,ญ,จิตวิทยาการปรึกษา การแนะแนวและการศึกษาพิเศษ,57.67857142857143,0.8904540068440545
477,70,66.66666666666666,61.111111111111114,85,133.6709261805647,87.5,ช,จิตวิทยาการปรึกษา การแนะแนวและการศึกษาพิเศษ,73.33333333333333,0.9999999999999999
478,70,58.333333333333336,33.33333333333333,89,138.19754465278652,100,ช,จิตวิทยาการปรึกษา การแนะแนวและการศึกษาพิเศษ,82.5,1
479,50,41.66666666666667,16.666666666666664,68,152.93704409721823,100,ญ,จิตวิทยาการปรึกษา การแนะแนวและการศึกษาพิเศษ,72.5,1
480,50,50,44.44444444444444,71,144.92428298610778,100,ช,จิตวิทยาการปรึกษา การแนะแนวและการศึกษาพิเศษ,76.25,0.9271652845829385
481,50,66.66666666666666,50,84,86.81660090277592,100,ช,จิตวิทยาการปรึกษา การแนะแนวและการศึกษาพิเศษ,85,0.6580042322080751
482,30,41.66666666666667,55.55555555555556,62,150.6123472916749,100,ญ,จิตวิทยาการปรึกษา การแนะแนวและการศึกษาพิเศษ,81.25,0.8962177256920609
483,70,41.66666666666667,27.77777777777778,84,138.03717888888386,100,ญ,จิตวิทยาการปรึกษา การแนะแนวและการศึกษาพิเศษ,62.5,0.5995632906142792
484,40,50,50,87,149.56121486112477,100,ญ,จิตวิทยาการปรึกษา การแนะแนวและการศึกษาพิเศษ,83.75,0.6804470638733644
485,30,58.333333333333336,50,75,160.7235810416771,100,ญ,จิตวิทยาการปรึกษา การแนะแนวและการศึกษาพิเศษ,85,0.9510500800247665
486,50,33.33333333333333,55.55555555555556,83,154.34442680555912,87.5,ช,จิตวิทยาการปรึกษา การแนะแนวและการศึกษาพิเศษ,80,0.8902439676136735
487,40,50,38.88888888888889,77,85.21132159723176,100,ช,จิตวิทยาการปรึกษา การแนะแนวและการศึกษาพิเศษ,72.5,0.7096666889667457
488,50,75,38.88888888888889,76,126.44395250000889,100,ญ,จิตวิทยาการปรึกษา การแนะแนวและการศึกษาพิเศษ,73.75,0.7442525525928154
489,40,41.66666666666667,33.33333333333333,64,100.39821486112145,100,ญ,เทคโนโลยีการศึกษา,83.75,0.9999999999999998
490,30,66.66666666666666,33.33333333333333,57,92.93670111111469,87.5,ช,เทคโนโลยีการศึกษา,81.25,0.9408572728725004
491,20,25,50,66,130.62997715277805,100,ช,เทคโนโลยีการศึกษา,83.75,0.8733621461327954
492,20,66.66666666666666,27.77777777777778,61,141.35662465277645,100,ญ,เทคโนโลยีการศึกษา,83.75,0.8827558153894235
493,10,41.66666666666667,33.33333333333333,61,150.47099562499258,87.5,ช,เทคโนโลยีการศึกษา,70,0.9458384256838297
494,20,41.66666666666667,27.77777777777778,67,122.5707845833401,100,ญ,เทคโนโลยีการศึกษา,82.5,0.8103471191653921
495,40,16.666666666666664,22.22222222222222,66,105.7285197916627,100,ช,เทคโนโลยีการศึกษา,82.5,0.7993518698183071