"student_id","choose_method","concepts","interpretation","research_score","submit_time","percent_submit","gender","department","learning_performance","cheat_index"
6341150327,60,57.14285714285714,56.25,72,156.41159625000427,66.66666666666667,"ช","ไทยสังคม",95,0.9143358385891684
6341182427,40,57.14285714285714,31.25,72,145.08406430555715,100,"ช","ภาษาอังกฤษ",73.33333333333333,0.5934894719253224
6441001627,40,42.857142857142854,50,71,141.08420062498914,100,"ญ","ประถมศึกษา",93.21428571428572,0.839402702742112
6441002227,20,50,43.75,72,150.2685323611233,88.88888888888889,"ญ","ประถมศึกษา",90,0.8664957776813893
6441003927,10,21.428571428571427,50,62,129.16880965277554,100,"ช","ประถมศึกษา",95,0.9979854573005862
6441005127,20,42.857142857142854,75,75,161.85647041665186,100,"ญ","ประถมศึกษา",80,0.6053073405887904
6441006827,20,64.28571428571429,56.25,82,130.17590791665845,100,"ญ","ประถมศึกษา",78.33333333333333,0.5557233115747408
6441007427,40,57.14285714285714,50,76,88.56262722223998,100,"ญ","ประถมศึกษา",74.58333333333333,0.7373062643261358
6441008027,50,64.28571428571429,62.5,85,129.655716250009,100,"ญ","ประถมศึกษา",85,0.5387097756043477
6441010227,60,42.857142857142854,56.25,73,108.7788113194704,100,"ญ","ประถมศึกษา",80,0.5843404882488119
6441011927,20,57.14285714285714,37.5,76,124.55432180556986,100,"ญ","ประถมศึกษา",92.5,0.9835540000943909
6441012527,40,50,56.25,83,98.96194131943915,100,"ญ","ประถมศึกษา",90,0.970826810828894
6441013127,40,50,43.75,92,138.27414194444816,100,"ช","ประถมศึกษา",77.5,0.9999999999999998
6441015427,30,85.71428571428571,56.25,74,115.1781350000037,100,"ญ","ประถมศึกษา",90,0.9848074248949736
6441018327,50,35.714285714285715,37.5,79,145.02854402777223,88.88888888888889,"ญ","ประถมศึกษา",95,0.8689634036579847
6441020527,10,57.14285714285714,53.333333333333336,76,127.67380201387736,100,"ญ","ประถมศึกษา",95,0.936028086596471
6441023427,60,57.14285714285714,50,85,155.1215154166685,88.88888888888889,"ญ","ประถมศึกษา",69.44444444444444,0.46191627439333593
6441024027,40,64.28571428571429,56.25,80,175.6609259721968,100,"ญ","ประถมศึกษา",86.54761904761905,0.545348198579019
6441025727,30,50,18.75,73,157.23568583332832,88.88888888888889,"ญ","ประถมศึกษา",92.5,0.9561551680832948
6441026327,20,35.714285714285715,43.75,65,145.74990361109377,100,"ช","ประถมศึกษา",91.66666666666667,0.8268547582469636
6441027027,50,42.857142857142854,68.75,69,164.90338888890213,88.88888888888889,"ญ","ประถมศึกษา",64.88095238095238,0.6593870842768632
6441028627,40,42.857142857142854,50,66,154.54549347221854,88.88888888888889,"ญ","ประถมศึกษา",92.5,0.9458561370294086
6441029227,40,50,31.25,75,176.86381111111905,88.88888888888889,"ญ","ประถมศึกษา",80,0.9885501062570662
6441030827,60,57.14285714285714,62.5,77,132.20368569443622,88.88888888888889,"ญ","ประถมศึกษา",86.66666666666667,0.5857849422619752
6441031427,40,35.714285714285715,43.75,82,158.1696009722021,100,"ญ","ประถมศึกษา",80,0.7453143417237729
6441033727,40,35.714285714285715,25,73,132.2692261805468,100,"ญ","ประถมศึกษา",72.14285714285714,0.6903238331069588
6441035027,80,50,43.75,72,143.31243722223573,100,"ญ","ประถมศึกษา",87.5,0.9779420945533519
6441037227,50,71.42857142857143,50,83,95.04386868056324,100,"ช","ประถมศึกษา",90,1
6441038927,40,42.857142857142854,50,73,115.27584972222648,88.88888888888889,"ช","ประถมศึกษา",48.80952380952381,0.8478037583800738
6441039527,70,42.857142857142854,62.5,84,101.59455215276944,100,"ช","ประถมศึกษา",92.5,0.951438261983161
6441041727,70,50,37.5,83,121.79143729168507,100,"ญ","ประถมศึกษา",92.5,0.96572271638204
6441042327,30,64.28571428571429,56.25,76,138.73165756944152,100,"ญ","ประถมศึกษา",71.66666666666667,0.6604278948398661
6441103027,20,64.28571428571429,50,79,174.77466624998385,100,"ญ","วิทยาศาสตร์",92.5,0.9999999999999998
6441104627,60,71.42857142857143,50,82,133.54870611108012,77.77777777777777,"ช","ไทยสังคม",84.44444444444444,0.9999999999999998
6441106927,60,35.714285714285715,50,74,177.32289597223203,77.77777777777777,"ช","วิทยาศาสตร์",63.333333333333336,0.7936449395199162
6441109827,20,35.714285714285715,31.25,68,149.0111512500048,100,"ช","วิทยาศาสตร์",95,0.998708683903485
6441111027,50,78.57142857142857,68.75,92,147.3480529861152,100,"ญ","วิทยาศาสตร์",90,0.9699454346840716
6441114927,60,64.28571428571429,68.75,82,152.0432352777819,100,"ญ","ภาษาอังกฤษ",78.33333333333333,0.4388587577001736
6441115527,20,57.14285714285714,50,78,137.94455145834223,88.88888888888889,"ช","ไทยสังคม",76.11111111111111,0.7755280188006121
6441120627,20,35.714285714285715,56.25,69,153.21134250001774,88.88888888888889,"ญ","ภาษาอังกฤษ",72.5,0.7168732631920371
6441121227,30,42.857142857142854,68.75,76,134.7992829166684,100,"ญ","วิทยาศาสตร์",95,0.6742296499839633
6441124127,40,28.57142857142857,43.75,65,128.5266409027742,100,"ญ","ภาษาอังกฤษ",73.21428571428572,0.8209740370634881
6441126427,0,42.857142857142854,50,83,155.62865138888358,66.66666666666667,"ช","ไทยสังคม",95,0.6252479907256403
6441127027,60,71.42857142857143,68.75,72,82.74660777780745,55.55555555555556,"ช","วิทยาศาสตร์",69.76190476190476,0.5188765242151476
6441129327,60,64.28571428571429,75,85,131.07854666666853,100,"ช","วิทยาศาสตร์",87.5,0.6514140188878981
6441138027,20,50,25,63,118.48490680553849,100,"ญ","วิทยาศาสตร์",95,0.8456916967441312
6441140127,60,64.28571428571429,93.75,94,93.3721872916652,100,"ช","วิทยาศาสตร์",82.5,0.6102437575670036
6441141827,40,78.57142857142857,75,89,143.14352222224076,100,"ญ","ภาษาอังกฤษ",77.79761904761905,0.5217510627938756
6441144727,40,35.714285714285715,37.5,75,134.2885481944349,77.77777777777777,"ช","ภาษาอังกฤษ",67.14285714285714,0.7505082141406081
6441149927,50,21.428571428571427,43.75,59,121.00531729168364,100,"ญ","วิทยาศาสตร์",95,0.9557619352003626
6441150427,30,42.857142857142854,56.25,71,150.57679847222235,100,"ญ","ไทยสังคม",84.88095238095238,0.8420825045135947
6441151027,10,57.14285714285714,37.5,76,182.03362666669818,77.77777777777777,"ช","วิทยาศาสตร์",87.77777777777777,0.7513154942809143
6441153327,80,71.42857142857143,87.5,97,52.516177222232024,88.88888888888889,"ช","วิทยาศาสตร์",90,0.4982682254943155
6441154027,40,35.714285714285715,37.5,74,103.44694111110437,100,"ญ","ภาษาอังกฤษ",54.464285714285715,0.7441446200260275
6441155627,30,42.857142857142854,56.25,78,126.57327055555251,100,"ญ","ภาษาอังกฤษ",81.25,0.6122693202960077
6441159127,30,57.14285714285714,37.5,82,124.40030013889074,100,"ช","วิทยาศาสตร์",95,0.7969845146828454
6441160727,70,78.57142857142857,87.5,95,152.53796972221798,88.88888888888889,"ช","วิทยาศาสตร์",81.54761904761905,0.5906664036247677
6441161327,30,57.14285714285714,68.75,80,106.93515333334605,88.88888888888889,"ช","ภาษาอังกฤษ",71.11111111111111,0.4442619848210796
6441163627,60,57.14285714285714,75,83,131.85868631945715,100,"ช","วิทยาศาสตร์",82.5,0.7271635973933984
6441165927,20,35.714285714285715,43.75,67,147.50948618056043,100,"ช","วิทยาศาสตร์",62.976190476190474,0.5982060949198189
6441171627,30,50,66.66666666666666,70,138.27267402776414,100,"ญ","วิทยาศาสตร์",95,0.50064925274796
6441174527,80,78.57142857142857,62.5,91,101.2562890972197,100,"ช","วิทยาศาสตร์",95,0.44724523507061065
6441178027,40,50,62.5,90,86.23599944444166,100,"ญ","ภาษาอังกฤษ",75,0.5501728707353406
6441184827,20,38.46153846153847,68.75,71,163.6567988888754,77.77777777777777,"ช","ไทยสังคม",40,0.4187127048322054
6441186027,30,35.714285714285715,50,77,98.4496463194324,100,"ญ","ภาษาอังกฤษ",83.33333333333333,0.7719398885325416
6441189027,30,71.42857142857143,68.75,77,151.38443118055662,100,"ญ","ไทยสังคม",91.25,0.8054042567493225
6441190527,40,71.42857142857143,43.75,65,66.75579486110144,100,"ญ","ภาษาอังกฤษ",79.64285714285714,0.6154538663563498
6441193427,70,57.14285714285714,50,83,60.56049375000927,100,"ช","วิทยาศาสตร์",72.08333333333333,0.5360430366284689
6441194027,20,78.57142857142857,56.25,78,117.98135624999802,88.88888888888889,"ญ","ภาษาอังกฤษ",72.85714285714286,0.4725162177737886
6441195727,60,50,50,78,139.17890347222487,100,"ญ","ไทยสังคม",86.96428571428572,0.7898534245376139
6441198627,10,50,31.25,63,123.50192013889551,100,"ญ","วิทยาศาสตร์",95,0.8114608125405944
6441201827,10,57.14285714285714,75,82,160.69162555555502,88.88888888888889,"ญ","ไทยสังคม",82.5,0.9999999999999998
6441204727,30,35.714285714285715,43.75,73,127.92286847222184,100,"ญ","วิทยาศาสตร์",95,0.9007627434164127
6441206027,40,50,50,82,131.63803930557435,100,"ญ","ภาษาอังกฤษ",74.58333333333333,0.754894062633684
6441207627,50,57.14285714285714,56.25,87,168.42840777777963,100,"ญ","วิทยาศาสตร์",78.33333333333333,0.9999999999999998
6441208227,30,35.714285714285715,31.25,60,128.86329659721918,100,"ญ","วิทยาศาสตร์",90,0.744942888192085
6441210427,40,42.857142857142854,62.5,74,130.77608680554562,100,"ช","ภาษาอังกฤษ",76.54761904761905,0.5143464265792922
6441211027,50,50,62.5,77,141.05952958333825,100,"ช","วิทยาศาสตร์",69.76190476190476,0.7874400564170546
6441216227,30,50,62.5,74,175.13253861112727,100,"ญ","วิทยาศาสตร์",83.21428571428572,0.9999999999999998
6441217927,50,57.14285714285714,68.75,83,161.89333666668998,100,"ช","ภาษาอังกฤษ",73.33333333333333,0.7032051512808748
6441220727,30,42.857142857142854,50,66,105.06303291665184,88.88888888888889,"ญ","ภาษาอังกฤษ",95,0.6850941940329478
6441231627,30,57.14285714285714,62.5,81,124.36121027777592,88.88888888888889,"ญ","ไทยสังคม",85,0.6838387122397918
6441234527,30,35.714285714285715,43.75,71,114.83572673610516,100,"ช","วิทยาศาสตร์",95,0.7741187263076797
6441237427,10,28.57142857142857,50,69,170.76394805557197,66.66666666666667,"ช","ไทยสังคม",61.66666666666667,0.5480437734808935
6441238027,20,64.28571428571429,56.25,80,119.13474277777806,100,"ช","วิทยาศาสตร์",95,0.4978430520089064
6441243127,60,78.57142857142857,68.75,86,142.5527349305484,100,"ช","ไทยสังคม",82.5,0.9998185764262201
6441245427,30,42.857142857142854,31.25,74,165.80775208334126,88.88888888888889,"ญ","ไทยสังคม",79.04761904761905,0.5279258852951493
6441246027,20,57.14285714285714,56.25,72,114.13237909722659,100,"ช","วิทยาศาสตร์",90,0.8772693829431506
6441247727,60,42.857142857142854,62.5,87,165.78859527776638,88.88888888888889,"ช","วิทยาศาสตร์",73.75,0.5845883472626389
6441251127,60,57.14285714285714,37.5,79,150.87298680557143,100,"ช","วิทยาศาสตร์",95,0.7224563927906813
6441252827,50,50,37.5,81,126.30410708333055,100,"ช","วิทยาศาสตร์",72.79761904761905,0.6026219421205123
6441259227,80,71.42857142857143,75,88,69.94702902777327,100,"ช","ภาษาอังกฤษ",95,0.7690519382455505
6441260827,40,50,62.5,77,144.6144209027456,100,"ญ","วิทยาศาสตร์",90,0.608376910153942
6441267227,50,35.714285714285715,56.25,85,141.50894666666787,100,"ญ","วิทยาศาสตร์",82.5,0.8655499400927731
6441269527,60,57.14285714285714,56.25,89,153.13555645831758,100,"ญ","ไทยสังคม",95,0.6289909414599018
6441271727,50,57.14285714285714,37.5,74,141.72764729167022,88.88888888888889,"ญ","วิทยาศาสตร์",69.46428571428572,0.9988254001170578
6441273027,30,64.28571428571429,56.25,69,141.19928888888825,100,"ช","ไทยสังคม",92.5,0.7878304225715537
6441275227,90,71.42857142857143,81.25,76,116.37282208333413,100,"ญ","วิทยาศาสตร์",87.5,0.9430177537784109
6441279827,40,57.14285714285714,56.25,84,138.33916090278163,100,"ช","วิทยาศาสตร์",84.46428571428572,0.8667873531374479
6441281027,30,64.28571428571429,62.5,86,180.92526152779658,88.88888888888889,"ญ","ไทยสังคม",90,0.9999999999999998
6441285527,30,57.14285714285714,50,69,179.96595250000556,66.66666666666667,"ญ","วิทยาศาสตร์",95,0.839762031855037
6441301927,20,28.57142857142857,25,70,144.479765625,100,"ช","สุขศึกษาและพลศึกษา",54.166666666666664,0.9947858265492455
6441302527,40,42.857142857142854,37.5,79,171.92934013886583,77.77777777777777,"ช","สุขศึกษาและพลศึกษา",77.5,0.8744783950110513
6441305427,30,21.428571428571427,31.25,65,172.35450791666904,88.88888888888889,"ญ","สุขศึกษาและพลศึกษา",67.08333333333333,0.48118309467566794
6441307727,40,42.857142857142854,50,69,122.4857523611188,88.88888888888889,"ช","สุขศึกษาและพลศึกษา",63.333333333333336,0.7722722308425369
6441308327,30,21.428571428571427,50,70,127.48668423609601,100,"ญ","สุขศึกษาและพลศึกษา",82.5,0.9779152660572034
6441309027,30,28.57142857142857,56.25,58,182.72380236109097,88.88888888888889,"ช","สุขศึกษาและพลศึกษา",48.63095238095238,0.9120080990642565
6441311127,20,21.428571428571427,25,57,130.04867131943504,100,"ช","สุขศึกษาและพลศึกษา",69.58333333333333,0.9999999999999998
6441313427,30,28.57142857142857,50,61,180.4822547222177,55.55555555555556,"ช","สุขศึกษาและพลศึกษา",100,0.6907808688796035
6441314027,50,42.857142857142854,31.25,65,165.12402236110634,88.88888888888889,"ช","สุขศึกษาและพลศึกษา",78.21428571428572,0.9285214677683358
6441315727,50,14.285714285714285,18.75,43,144.11982972224553,66.66666666666667,"ช","สุขศึกษาและพลศึกษา",75,0.7850325803228057
6441319227,40,50,18.75,57,158.9533756944206,77.77777777777777,"ญ","สุขศึกษาและพลศึกษา",75.55555555555556,0.9996899566171459
6441320827,30,35.714285714285715,37.5,62,138.91574236111506,88.88888888888889,"ช","สุขศึกษาและพลศึกษา",77.08333333333333,0.927944231744392
6441321427,30,21.428571428571427,56.25,65,141.78652513888147,100,"ช","สุขศึกษาและพลศึกษา",75.71428571428572,0.9999999999999998
6441322027,40,21.428571428571427,6.25,60,148.01269541667568,88.88888888888889,"ญ","สุขศึกษาและพลศึกษา",80,0.6704364832950827
6441323727,20,35.714285714285715,12.5,56,182.65234624998436,88.88888888888889,"ญ","สุขศึกษาและพลศึกษา",81.25,0.9370810422400055
6441324327,50,35.714285714285715,46.666666666666664,63,157.47618986109893,77.77777777777777,"ช","สุขศึกษาและพลศึกษา",68.33333333333333,0.9999999999999998
6441327227,20,14.285714285714285,31.25,64,119.59332215277685,100,"ญ","สุขศึกษาและพลศึกษา",73.33333333333333,0.7666981561591396
6441328927,60,50,31.25,76,152.9749479861061,100,"ช","สุขศึกษาและพลศึกษา",85,0.6802387167514636
6441330027,30,28.57142857142857,18.75,56,179.9254288888971,88.88888888888889,"ช","สุขศึกษาและพลศึกษา",49.04761904761905,0.6786661098079902
6441331727,40,28.57142857142857,31.25,68,172.81976583335134,88.88888888888889,"ช","สุขศึกษาและพลศึกษา",76.66666666666667,1
6441332327,20,28.57142857142857,31.25,48,145.4455883333087,88.88888888888889,"ช","สุขศึกษาและพลศึกษา",67.5,0.9999999999999998
6441340327,40,35.714285714285715,18.75,70,111.21533500000835,88.88888888888889,"ญ","สุขศึกษาและพลศึกษา",71.25,0.9999999999999998
6441341027,40,42.857142857142854,43.75,79,180.32505194442138,100,"ญ","สุขศึกษาและพลศึกษา",62.083333333333336,0.6790434566906697
6442003027,40,7.142857142857142,6.25,54,151.8527097222209,62.5,"ญ","ศิลปศึกษา",75,0.9506682913972309
6442003027,40,7.142857142857142,6.25,54,151.8527097222209,62.5,"ญ","ศิลปศึกษา",75,0.8155927664160083
6442003027,40,7.142857142857142,6.25,54,151.8527097222209,62.5,"ญ","ศิลปศึกษา",72.5,0.9506682913972309
6442003027,40,7.142857142857142,6.25,54,151.8527097222209,62.5,"ญ","ศิลปศึกษา",72.5,0.8155927664160083
6442017927,20,42.857142857142854,62.5,75,155.71588305554457,100,"ญ","ศิลปศึกษา",80,0.9855051678452438
6442017927,20,42.857142857142854,62.5,75,155.71588305554457,100,"ญ","ศิลปศึกษา",80,0.7900547254943978
6442017927,20,42.857142857142854,62.5,75,155.71588305554457,100,"ญ","ศิลปศึกษา",80,0.9855051678452438
6442017927,20,42.857142857142854,62.5,75,155.71588305554457,100,"ญ","ศิลปศึกษา",80,0.7900547254943978
6442036827,20,42.857142857142854,43.75,75,155.01367472223112,100,"ญ","ศิลปศึกษา",82.5,0.7120477753034806
6442036827,20,42.857142857142854,43.75,75,155.01367472223112,100,"ญ","ศิลปศึกษา",82.5,0.7264733432405557
6442036827,20,42.857142857142854,43.75,75,155.01367472223112,100,"ญ","ศิลปศึกษา",69.58333333333333,0.7120477753034806
6442036827,20,42.857142857142854,43.75,75,155.01367472223112,100,"ญ","ศิลปศึกษา",69.58333333333333,0.7264733432405557
6442037427,60,28.57142857142857,12.5,69,160.17742590280045,75,"ช","ศิลปศึกษา",73.33333333333333,0.878361955517886
6442037427,60,28.57142857142857,12.5,69,160.17742590280045,75,"ช","ศิลปศึกษา",73.33333333333333,0.7411899562881676
6442037427,60,28.57142857142857,12.5,69,160.17742590280045,75,"ช","ศิลปศึกษา",48.888888888888886,0.878361955517886
6442037427,60,28.57142857142857,12.5,69,160.17742590280045,75,"ช","ศิลปศึกษา",48.888888888888886,0.7411899562881676
6442038027,60,42.857142857142854,43.75,59,144.8180721296315,87.5,"ญ","ศิลปศึกษา",66.25,0.8132873375699292
6442038027,60,42.857142857142854,43.75,59,144.8180721296315,87.5,"ญ","ศิลปศึกษา",66.25,0.607154953378675
6442038027,60,42.857142857142854,43.75,59,144.8180721296315,87.5,"ญ","ศิลปศึกษา",54.166666666666664,0.8132873375699292
6442038027,60,42.857142857142854,43.75,59,144.8180721296315,87.5,"ญ","ศิลปศึกษา",54.166666666666664,0.607154953378675
6442046027,30,21.428571428571427,37.5,63,150.40378291666508,75,"ญ","ศิลปศึกษา",77.5,0.6772248323061721
6442046027,30,21.428571428571427,37.5,63,150.40378291666508,75,"ญ","ศิลปศึกษา",77.5,NA
6442046027,30,21.428571428571427,37.5,63,150.40378291666508,75,"ญ","ศิลปศึกษา",20,0.6772248323061721
6442046027,30,21.428571428571427,37.5,63,150.40378291666508,75,"ญ","ศิลปศึกษา",20,NA
6442101927,10,21.428571428571427,25,46,155.1946744444304,77.77777777777777,"ญ","ดนตรีศึกษา",58.095238095238095,0.7350190541115591
6442102527,30,35.714285714285715,50,73,158.4157954166664,88.88888888888889,"ช","ดนตรีศึกษา",67.5,0.9999999999999999
6442103127,40,21.428571428571427,37.5,75,142.64741097220116,100,"ช","ดนตรีศึกษา",82.5,0.44705259600886527
6442104827,40,35.714285714285715,18.75,58,157.6749527777897,88.88888888888889,"ช","ดนตรีศึกษา",47.38095238095238,0.3899546956652264
6442105427,70,35.714285714285715,31.25,66,152.9243542361094,100,"ช","ดนตรีศึกษา",87.5,0.6439731376492127
6442106027,50,71.42857142857143,25,64,157.1052565277616,77.77777777777777,"ช","ดนตรีศึกษา",43.39285714285714,0.4502605130071813
6442108327,40,28.57142857142857,6.25,55,178.12515847222673,88.88888888888889,"ญ","ดนตรีศึกษา",76.66666666666667,0.9077836673990745
6442109027,20,35.714285714285715,6.25,57,154.09420291665526,100,"ช","ดนตรีศึกษา",48.69047619047619,0.6810890269852967
6442110527,40,21.428571428571427,43.75,71,142.9703274305496,100,"ช","ดนตรีศึกษา",77.5,0.8974614439609063
6442111127,10,14.285714285714285,37.5,53,158.43328402777513,88.88888888888889,"ช","ดนตรีศึกษา",80.83333333333333,1
6442112827,40,14.285714285714285,56.25,70,138.86299006943904,100,"ช","ดนตรีศึกษา",90,0.9999999999999998
6442113427,40,21.428571428571427,12.5,63,158.0499151388804,88.88888888888889,"ช","ดนตรีศึกษา",90,0.8380794171498467
6442114027,50,28.57142857142857,18.75,60,133.94634631945027,100,"ญ","ดนตรีศึกษา",87.5,0.8470888005465358
6442115727,40,21.428571428571427,31.25,66,137.70230249999298,100,"ช","ดนตรีศึกษา",92.5,0.9844434180822734
6442116327,40,21.428571428571427,31.25,66,159.09093986110554,77.77777777777777,"ญ","ดนตรีศึกษา",50.89285714285714,0.3686932688927624
6442117027,20,14.285714285714285,43.75,67,158.17765902777512,88.88888888888889,"ญ","ดนตรีศึกษา",90,0.8731287601418032
6442119227,30,21.428571428571427,18.75,68,158.83013041668468,77.77777777777777,"ญ","ดนตรีศึกษา",40.95238095238095,0.6125054165359664
6442120827,10,7.142857142857142,37.5,59,158.17043833331928,88.88888888888889,"ช","ดนตรีศึกษา",90,0.7408021971182843
6442121427,20,7.142857142857142,31.25,51,139.74271340279117,100,"ช","ดนตรีศึกษา",90,0.8256839742248565
6442122027,40,35.714285714285715,37.5,75,123.99262666665845,77.77777777777777,"ช","ดนตรีศึกษา",81.96428571428572,0.5269469750638895
6442123727,30,14.285714285714285,18.75,61,153.71424958331716,88.88888888888889,"ช","ดนตรีศึกษา",90,0.7758418582626045
6442406327,50,50,68.75,73,158.03787625001536,100,"ช","เทคโนโลยีการศึกษา",67.5,0.9943450859385783
6442407027,40,35.714285714285715,31.25,76,168.6225376389093,88.88888888888889,"ช","เทคโนโลยีการศึกษา",82.5,0.6696329629355161
6442409227,50,57.14285714285714,43.75,66,164.43544847223492,100,"ช","เทคโนโลยีการศึกษา",82.5,0.9999999999999998
6442410827,40,71.42857142857143,50,84,158.71478944443993,100,"ช","เทคโนโลยีการศึกษา",63.333333333333336,0.9768126644655527
6442417227,0,28.57142857142857,50,69,166.51385999997456,88.88888888888889,"ช","เทคโนโลยีการศึกษา",78.57142857142857,0.9874883168743285
6442418927,20,7.142857142857142,37.5,62,164.70123875002065,100,"ญ","เทคโนโลยีการศึกษา",95,0.8899217077058316
6442419527,40,28.57142857142857,37.5,79,169.24140486111241,100,"ช","เทคโนโลยีการศึกษา",77.5,0.9779986398190084
6442420027,20,35.714285714285715,37.5,65,161.01099597222276,100,"ญ","เทคโนโลยีการศึกษา",91.42857142857143,0.637058034505142
6442502927,20,35.714285714285715,25,60,176.94176305555635,88.88888888888889,"ญ","การศึกษานอกระบบโรงเรียน",67.08333333333333,0.4072357746290327
6442504127,0,7.142857142857142,43.75,56,144.9889776388804,100,"ญ","การศึกษานอกระบบโรงเรียน",92.5,0.8481271411023165
6442505827,50,71.42857142857143,75,74,32.73265437498689,100,"ช","การศึกษานอกระบบโรงเรียน",82.5,0.7536806197217598
6442507027,30,42.857142857142854,31.25,68,120.0308563888901,100,"ญ","การศึกษานอกระบบโรงเรียน",80,0.7154182187036593
6442508727,30,57.14285714285714,37.5,67,172.796120000018,100,"ญ","การศึกษานอกระบบโรงเรียน",75,0.5526475747684144
6442509327,20,28.57142857142857,43.75,69,139.79807444444964,100,"ญ","การศึกษานอกระบบโรงเรียน",69.04761904761905,0.4533379508401457
6442510927,0,28.57142857142857,25,66,140.69071388890347,88.88888888888889,"ญ","การศึกษานอกระบบโรงเรียน",75.17857142857143,0.8535368982505906
6442512127,30,57.14285714285714,50,65,158.5304854166839,88.88888888888889,"ช","การศึกษานอกระบบโรงเรียน",65,0.605648960180911
6442513827,20,42.857142857142854,18.75,54,176.6921481944455,88.88888888888889,"ช","การศึกษานอกระบบโรงเรียน",90.71428571428572,0.9873732467815022
6442514427,60,50,43.75,70,136.54100555555686,88.88888888888889,"ญ","การศึกษานอกระบบโรงเรียน",70,0.7220319700949347
6442515027,20,57.14285714285714,68.75,67,137.24015645833478,100,"ญ","การศึกษานอกระบบโรงเรียน",70.83333333333333,0.810314032067634
6442516727,30,42.857142857142854,43.75,62,130.56030277778706,100,"ช","การศึกษานอกระบบโรงเรียน",87.5,0.6786894561697462
6442517327,30,28.57142857142857,56.25,83,152.29939277776413,100,"ญ","การศึกษานอกระบบโรงเรียน",87.5,0.661357450379158
6442518027,20,21.428571428571427,25,64,168.07726597219704,88.88888888888889,"ญ","การศึกษานอกระบบโรงเรียน",92.5,0.6766564783343368
6442520127,20,28.57142857142857,31.25,61,176.40308027777405,77.77777777777777,"ญ","การศึกษานอกระบบโรงเรียน",92.5,0.8262728224818066
6442521827,20,35.714285714285715,25,67,179.0554845833447,88.88888888888889,"ญ","การศึกษานอกระบบโรงเรียน",73.33333333333333,0.548420139675466
6442523027,50,64.28571428571429,50,72,150.80206361110015,100,"ญ","การศึกษานอกระบบโรงเรียน",76.25,0.8387991563117942
6442524727,20,42.857142857142854,50,85,181.94484972225297,77.77777777777777,"ช","การศึกษานอกระบบโรงเรียน",73.33333333333333,0.7526416371810665
6442525327,40,50,56.25,79,167.6961274999711,88.88888888888889,"ช","การศึกษานอกระบบโรงเรียน",73.33333333333333,0.9519270844415635
6442526027,20,42.857142857142854,50,71,116.9347755555643,100,"ญ","การศึกษานอกระบบโรงเรียน",67.97619047619048,0.5659805544671682
6442527627,40,64.28571428571429,43.75,63,182.17367569443252,88.88888888888889,"ญ","การศึกษานอกระบบโรงเรียน",72.5,0.4626652734512027
6442528227,40,42.857142857142854,62.5,71,149.51892298610673,100,"ญ","การศึกษานอกระบบโรงเรียน",64.58333333333333,0.889065600474571
6442529927,30,50,43.75,71,149.83848791667157,100,"ญ","การศึกษานอกระบบโรงเรียน",70.83333333333333,0.6673974109050452
6442530427,10,28.57142857142857,50,64,143.8488270139032,100,"ญ","การศึกษานอกระบบโรงเรียน",72.5,0.8444683122267178
6442531027,20,64.28571428571429,81.25,81,180.83804861108462,88.88888888888889,"ญ","การศึกษานอกระบบโรงเรียน",83.33333333333333,0.9538167678457594
6442532727,40,64.28571428571429,56.25,68,149.11013486110502,100,"ญ","การศึกษานอกระบบโรงเรียน",82.5,0.8813291012978912
6440001427,30,75,55.55555555555556,84,145.92416347222195,100,"ญ","การศึกษาปฐมวัย",82.5,1
6440002027,40,58.333333333333336,55.55555555555556,60,128.12002409721413,100,"ญ","การศึกษาปฐมวัย",73.75,0.5159800015124711
6440003727,60,58.333333333333336,38.88888888888889,79,139.81483930556308,100,"ญ","การศึกษาปฐมวัย",78.75,0.6419615858791261
6440004327,30,25,33.33333333333333,65,158.80084666666056,100,"ช","การศึกษาปฐมวัย",78.75,0.9997860216152179
6440005027,20,25,66.66666666666666,68,85.47500659722421,75,"ช","การศึกษาปฐมวัย",68.33333333333333,0.9999999999999998
6440006627,30,41.66666666666667,33.33333333333333,69,157.27560874998568,100,"ญ","การศึกษาปฐมวัย",80,0.9979919038221501
6440007227,70,58.333333333333336,50,70,158.54380548611283,100,"ญ","การศึกษาปฐมวัย",75.17857142857143,0.8412443021610777
6440008927,50,50,38.88888888888889,77,154.85409618054825,100,"ญ","การศึกษาปฐมวัย",63.75,0.8373435188201228
6440009527,30,41.66666666666667,44.44444444444444,64,140.51774076387284,50,"ญ","การศึกษาปฐมวัย",55,0.6499009769017458
6440010027,20,66.66666666666666,27.77777777777778,77,152.4549205555353,100,"ญ","การศึกษาปฐมวัย",55,0.9136944357180465
6440011727,50,25,27.77777777777778,77,143.05038375001817,100,"ญ","การศึกษาปฐมวัย",85,1
6440012327,30,33.33333333333333,27.77777777777778,66,159.43809583332805,87.5,"ญ","การศึกษาปฐมวัย",81.42857142857143,0.986961567919026
6440014627,50,58.333333333333336,33.33333333333333,70,111.02003652777935,87.5,"ญ","การศึกษาปฐมวัย",83.33333333333333,0.9999999999999999
6440015227,70,50,44.44444444444444,61,156.52906555553278,100,"ญ","การศึกษาปฐมวัย",82.5,0.8894598711529518
6440016927,50,25,27.77777777777778,58,143.6938963888917,50,"ญ","การศึกษาปฐมวัย",80,0.5284086941793272
6440017527,30,58.333333333333336,55.55555555555556,78,157.0072625694507,100,"ญ","การศึกษาปฐมวัย",85,0.9066646658391453
6440018127,60,41.66666666666667,38.88888888888889,75,99.73299187499616,100,"ญ","การศึกษาปฐมวัย",65.35714285714286,0.7727255875326802
6440020327,30,50,38.88888888888889,75,118.3130384722352,100,"ญ","การศึกษาปฐมวัย",78.75,0.526122323177579
6440023227,40,50,38.88888888888889,61,151.0382884027726,100,"ญ","การศึกษาปฐมวัย",85,0.8367114348344198
6440024927,20,50,44.44444444444444,67,153.39237145831186,100,"ญ","การศึกษาปฐมวัย",80,0.6912182305795126
6440025527,20,41.66666666666667,50,67,122.25028951388266,100,"ญ","การศึกษาปฐมวัย",68.75,0.9995694838329313
6440026127,50,58.333333333333336,33.33333333333333,81,128.23230111110541,100,"ญ","การศึกษาปฐมวัย",78.75,0.8306304916378936
6440027827,20,50,16.666666666666664,76,148.92350222220023,100,"ญ","การศึกษาปฐมวัย",66.25,0.6666153999271541
6441105227,70,75,83.33333333333334,94,68.67374548610714,100,"ญ","ไทยสังคม",85,0.9035089247107773
6441110327,30,75,44.44444444444444,68,75.65671104166242,75,"ช","คณิตศาสตร์",63.333333333333336,0.48820399467044945
6441112627,40,50,55.55555555555556,74,150.8461898610824,87.5,"ญ","ไทยสังคม",80,0.8063381412986723
6441113227,30,75,38.88888888888889,79,139.67774618056086,100,"ญ","ไทยสังคม",85,1
6441116127,30,41.66666666666667,44.44444444444444,64,157.85878361110886,100,"ช","คณิตศาสตร์",82.5,0.6371648939401595
6441117827,60,41.66666666666667,66.66666666666666,71,143.184276458323,87.5,"ช","คณิตศาสตร์",58.75,0.8663945299288071
6441119027,30,33.33333333333333,33.33333333333333,81,143.21319861110715,100,"ญ","ไทยสังคม",85,0.90505594469966
6441123527,60,75,44.44444444444444,81,131.29539291666612,100,"ญ","คณิตศาสตร์",68.75,0.46466488647209653
6441125827,60,58.333333333333336,44.44444444444444,70,113.56250374999311,87.5,"ช","คณิตศาสตร์",76.66666666666667,0.7846921731393739
6441130927,50,50,88.88888888888889,76,156.4056441666848,50,"ญ","คณิตศาสตร์",80,0.8524620765948522
6441131527,70,50,38.88888888888889,61,146.8141666666667,37.5,"ช","คณิตศาสตร์",45,0.39047786683113467
6441134427,10,41.66666666666667,27.77777777777778,72,88.92021381946074,87.5,"ญ","คณิตศาสตร์",68.75,0.26172079492099964
6441135027,50,50,44.44444444444444,77,136.2256797222131,62.5,"ช","คณิตศาสตร์",97.5,0.4960138012691148
6441136727,66.66666666666666,33.33333333333333,47.05882352941176,75,155.3642716666725,100,"ญ","ไทยสังคม",81.25,0.7580014256088115
6441145327,20,33.33333333333333,38.88888888888889,71,149.38191305554574,100,"ช","คณิตศาสตร์",80,0.5895832292740678
6441146027,30,50,55.55555555555556,72,128.40604250000584,100,"ญ","ไทยสังคม",83.75,0.9999999999999998
6441148227,0,66.66666666666666,61.111111111111114,82,60.515094722227914,100,"ญ","ไทยสังคม",83.75,0.979100932001892
6441156227,50,50,38.88888888888889,84,131.13957847222684,100,"ช","คณิตศาสตร์",77.5,0.8959888554273754
6441162027,30,75,66.66666666666666,85,115.04742618054152,100,"ช","คณิตศาสตร์",83.75,0.5344077515407583
6441164227,40,75,50,66,152.68976034722394,100,"ช","คณิตศาสตร์",82.5,0.74031204930603
6441167127,40,66.66666666666666,33.33333333333333,75,141.51423972220886,100,"ญ","ไทยสังคม",82.5,0.9999999999999998
6441168827,40,41.66666666666667,33.33333333333333,78,158.74186909721956,100,"ช","คณิตศาสตร์",78.75,0.7106955252122076
6441169427,20,33.33333333333333,33.33333333333333,62,139.37346409723162,75,"ช","คณิตศาสตร์",62.5,0.6622059352137235
6441175127,60,41.66666666666667,50,70,138.75777381944988,100,"ช","คณิตศาสตร์",82.5,0.7236633009516424
6441177427,30,41.66666666666667,66.66666666666666,82,151.4948699305455,100,"ช","คณิตศาสตร์",80,0.9861073676113762
6441181927,40,41.66666666666667,77.77777777777779,92,137.52855770832963,100,"ช","คณิตศาสตร์",72.5,0.45482517600491484
6441183127,40,41.66666666666667,50,70,149.08161625001168,87.5,"ญ","คณิตศาสตร์",61.666666666666664,0.9999999999999999
6441185427,40,66.66666666666666,33.33333333333333,82,46.56385312499271,100,"ญ","ไทยสังคม",83.75,0.9783341013561959
6441187727,60,58.333333333333336,55.55555555555556,83,52.37365444444948,100,"ญ","คณิตศาสตร์",85,0.7348734356295986
6441191127,30,58.333333333333336,44.44444444444444,64,158.09180284723638,100,"ช","คณิตศาสตร์",82.5,0.39198117165977453
6441192827,30,41.66666666666667,55.55555555555556,78,114.05558131943147,100,"ญ","คณิตศาสตร์",68.92857142857143,0.9021281967917321
6441202427,40,58.333333333333336,66.66666666666666,80,139.26150381944245,100,"ญ","ไทยสังคม",76.25,1
6441205327,40,91.66666666666666,38.88888888888889,79,132.02331895833214,87.5,"ญ","คณิตศาสตร์",85,0.6483066666055555
6441209927,40,33.33333333333333,38.88888888888889,69,65.30423597223229,100,"ช","คณิตศาสตร์",70,0.5352149128176321
6441214027,50,63.63636363636363,38.88888888888889,72,83.56469430554245,100,"ญ","คณิตศาสตร์",78.75,0.5413456305511992
6441218527,10,36.36363636363637,5.555555555555555,73,134.54830805554985,100,"ญ","ไทยสังคม",85,0.9999999999999999
6441219127,30,50,38.88888888888889,72,127.8443655555778,62.5,"ญ","ไทยสังคม",50,0.7363753735166583
6441222027,20,41.66666666666667,55.55555555555556,69,140.44721138887937,100,"ช","คณิตศาสตร์",82.5,0.9999999999999998
6441223627,30,66.66666666666666,50,68,150.34353493056364,100,"ช","คณิตศาสตร์",81.25,0.9894535427688991
6441224227,30,41.66666666666667,44.44444444444444,74,137.93196895832818,100,"ช","คณิตศาสตร์",70,0.8778133706897221
6441225927,50,41.66666666666667,33.33333333333333,80,43.15249777777327,100,"ญ","ไทยสังคม",69.46428571428571,0.9646755962410751
6441226527,40,50,50,80,141.0027985416684,87.5,"ญ","คณิตศาสตร์",70,0.5846787354022058
6441227127,40,25,27.77777777777778,81,118.5238808333377,100,"ญ","คณิตศาสตร์",82.5,0.9999999999999999
6441228827,70,66.66666666666666,55.55555555555556,86,53.06304104167555,100,"ญ","ไทยสังคม",83.75,0.9999999999999998
6441229427,40,41.66666666666667,50,77,160.00811187500756,100,"ญ","คณิตศาสตร์",73.92857142857143,0.754639538050969
6441232227,40,16.666666666666664,44.44444444444444,80,151.33748715278176,100,"ญ","ไทยสังคม",85,0.9908476346236088
6441233927,30,50,44.44444444444444,77,149.96019618055885,100,"ญ","คณิตศาสตร์",76.25,0.6481266965287142
6441235127,40,66.66666666666666,50,83,149.43476902779605,100,"ช","คณิตศาสตร์",82.5,0.6323465106084397
6441240227,60,75,66.66666666666666,87,134.01820368056497,100,"ช","ไทยสังคม",85,0.9999999999999997
6441248327,20,25,38.88888888888889,61,148.50033243055145,100,"ช","คณิตศาสตร์",82.5,0.7901599508898897
6441250527,50,41.66666666666667,22.22222222222222,65,154.6707775694463,87.5,"ช","คณิตศาสตร์",82.5,0.6869127277617754
6441253427,60,75,77.77777777777779,79,54.947531180547344,75,"ช","คณิตศาสตร์",63.333333333333336,0.5037810884056086
6441256327,10,25,35.294117647058826,57,150.44711951388254,75,"ช","คณิตศาสตร์",51.42857142857143,0.4418659089046354
6441258627,50,50,44.44444444444444,78,154.31230222221876,87.5,"ช","คณิตศาสตร์",93.33333333333333,0.40571592340833895
6441261427,30,41.66666666666667,50,86,30.016476666662427,100,"ช","คณิตศาสตร์",81.25,0.4999488633206453
6441264327,20,33.33333333333333,50,78,127.9306149999963,87.5,"ญ","คณิตศาสตร์",83.75,0.6575384095269678
6441265027,40,58.333333333333336,44.44444444444444,73,157.7895881944398,100,"ญ","ไทยสังคม",67.5,0.9999999999999999
6441268927,80,50,33.33333333333333,80,121.14160819444392,100,"ญ","ไทยสังคม",81.25,0.543336519393678
6441274627,30,41.66666666666667,44.44444444444444,87,148.47017111111018,100,"ญ","ไทยสังคม",67.5,0.6777527314973466
6441277527,50,66.66666666666666,55.55555555555556,77,152.78999611109495,100,"ญ","คณิตศาสตร์",85,0.49838888140657733
6441278127,30,33.33333333333333,38.88888888888889,78,157.88459944446882,100,"ญ","ไทยสังคม",76.25,0.9101143264398235
6441280327,50,58.333333333333336,55.55555555555556,77,79.70329041668111,100,"ญ","ไทยสังคม",83.75,0.9999999999999997
6441283227,50,50,50,76,144.37468534721268,100,"ญ","ไทยสังคม",85,0.9418417488304733
6441286127,70,83.33333333333334,50,81,150.51270909723308,100,"ญ","คณิตศาสตร์",81.25,0.7103584204617379
6441287827,30,66.66666666666666,33.33333333333333,68,137.94923451388877,100,"ญ","คณิตศาสตร์",80,0.8535086147584268
6441288427,50,41.66666666666667,55.55555555555556,71,158.80143006943993,100,"ญ","คณิตศาสตร์",72.5,0.5565237589205979
6442001827,50,33.33333333333333,27.77777777777778,71,159.35793430556856,100,"ญ","ศิลปศึกษา",80,0.612794635958352
6442002427,50,33.33333333333333,38.88888888888889,53,156.71751048612924,62.5,"ช","ศิลปศึกษา",90,0.8277591700788177
6442004727,30,33.33333333333333,38.88888888888889,52,115.4193705555631,100,"ญ","ศิลปศึกษา",72.67857142857143,0.9125313752406378
6442006027,20,25,38.88888888888889,72,150.85066249998079,100,"ญ","ศิลปศึกษา",75.17857142857143,0.6410248399290934
6442007627,30,50,22.22222222222222,54,147.11379041668442,100,"ญ","ศิลปศึกษา",78.75,0.8995490205513342
6442009927,30,16.666666666666664,33.33333333333333,50,154.13043937499324,87.5,"ญ","ศิลปศึกษา",65,0.5569663385459205
6442010427,60,33.33333333333333,38.88888888888889,61,149.35918513887458,75,"ช","ศิลปศึกษา",60,0.8274310595928726
6442011027,30,33.33333333333333,44.44444444444444,70,131.20155500001377,87.5,"ญ","ศิลปศึกษา",66.66666666666667,0.24021087927268062
6442012727,70,75,55.55555555555556,86,163.37844277777606,100,"ญ","ศิลปศึกษา",85,0.9584503149474519
6442013327,20,33.33333333333333,16.666666666666664,52,232.97063652777007,50,"ญ","ศิลปศึกษา",43.57142857142857,0.9613004230966333
6442014027,20,41.66666666666667,38.88888888888889,60,156.68327368055782,37.5,"ญ","ศิลปศึกษา",82.5,0.8314294513874223
6442015627,30,25,38.88888888888889,54,146.79400111110675,100,"ช","ศิลปศึกษา",76.42857142857143,0.9998078299395305
6442018527,40,50,44.44444444444444,67,157.5040461110903,100,"ช","ศิลปศึกษา",71.42857142857143,0.9299495985430337
6442020727,10,58.333333333333336,38.88888888888889,83,146.64284833331902,100,"ช","ศิลปศึกษา",76.25,0.5905504274695252
6442021327,60,25,27.77777777777778,58,148.65424250000052,87.5,"ญ","ศิลปศึกษา",76.25,0.7805603821397993
6442024227,20,33.33333333333333,16.666666666666664,52,114.78034069445397,75,"ช","ศิลปศึกษา",75.17857142857143,0.9999999999999999
6442025927,30,25,50,68,149.38027090279593,100,"ช","ศิลปศึกษา",72.67857142857143,1
6442026527,30,50,33.33333333333333,59,118.72128548610542,100,"ญ","ศิลปศึกษา",80,0.9112582322843374
6442027127,50,50,27.77777777777778,54,146.54008347223203,100,"ญ","ศิลปศึกษา",78.75,0.9672245542892624
6442028827,40,33.33333333333333,27.77777777777778,67,144.1813566666676,100,"ญ","ศิลปศึกษา",77.5,0.9920732250335222
6442030027,30,33.33333333333333,55.55555555555556,69,163.05187013889352,100,"ญ","ศิลปศึกษา",80,0.984459233170706
6442031627,10,50,38.88888888888889,61,145.25276951387525,87.5,"ญ","ศิลปศึกษา",85.23809523809524,0.8454824351798608
6442032227,40,16.666666666666664,22.22222222222222,54,156.58128722222315,75,"ช","ศิลปศึกษา",63.392857142857146,0.7445344225430921
6442033927,40,58.333333333333336,38.88888888888889,93,34.82779444444511,100,"ญ","ศิลปศึกษา",73.75,0.3597583941249818
6442034527,50,41.66666666666667,38.88888888888889,65,109.73215152778559,100,"ญ","ศิลปศึกษา",80,0.7128946658675619
6442035127,50,41.66666666666667,27.77777777777778,62,150.97332333332963,62.5,"ญ","ศิลปศึกษา",47.38095238095238,0.2622156376641467
6442039727,40,33.33333333333333,44.44444444444444,75,144.33652777777775,75,"ญ","ศิลปศึกษา",68.75,0.5065013130218499
6442040227,0,25,33.33333333333333,66,146.97158069443373,87.5,"ช","ศิลปศึกษา",73.33333333333333,0.7343856730179552
6442041927,40,25,38.88888888888889,57,146.06408902777565,100,"ช","ศิลปศึกษา",72.85714285714286,0.9591845028947832
6442044827,30,16.666666666666664,16.666666666666664,74,163.2397663194438,100,"ญ","ศิลปศึกษา",66.25,0.9495411086006951
6442045427,40,58.333333333333336,22.22222222222222,73,85.34847715276811,100,"ญ","ศิลปศึกษา",68.75,0.9674032885070085
6442202627,50,75,33.33333333333333,77,114.43235680555304,100,"ญ","ธุรกิจและอาชีวศึกษา",73.75,0.9870337961641534
6442203227,40,33.33333333333333,33.33333333333333,71,152.65570409720144,87.5,"ช","ธุรกิจและอาชีวศึกษา",63.57142857142857,0.9681202007483218
6442204927,20,58.333333333333336,55.55555555555556,81,127.38170993054906,100,"ญ","ธุรกิจและอาชีวศึกษา",78.75,0.6714187652009911
6442205527,40,33.33333333333333,33.33333333333333,68,135.2712335416509,100,"ญ","ธุรกิจและอาชีวศึกษา",76.25,1
6442206127,33.33333333333333,33.33333333333333,22.22222222222222,66,143.7158728472226,87.5,"ญ","ธุรกิจและอาชีวศึกษา",67.5,0.8288816414159066
6442207827,60,66.66666666666666,33.33333333333333,63,151.59452312499283,100,"ญ","ธุรกิจและอาชีวศึกษา",51.42857142857143,0.6776269931372176
6442208427,40,33.33333333333333,27.77777777777778,72,154.1355178472234,100,"ญ","ธุรกิจและอาชีวศึกษา",78.75,0.9897931494201837
6442209027,20,50,38.88888888888889,64,154.1272295138902,100,"ช","ธุรกิจและอาชีวศึกษา",55.35714285714286,0.36472314403287454
6442210627,20,50,33.33333333333333,66,155.83204041668108,87.5,"ญ","ธุรกิจและอาชีวศึกษา",71.66666666666667,0.8064959575770371
6442212927,30,50,33.33333333333333,62,157.41947743054894,100,"ญ","ธุรกิจและอาชีวศึกษา",63.75,0.7969431951551674
6442213527,30,41.66666666666667,27.77777777777778,66,140.11776756943928,100,"ญ","ธุรกิจและอาชีวศึกษา",68.75,0.7798953052519706
6442214127,50,41.66666666666667,56.25,75,154.62547909725043,100,"ญ","ธุรกิจและอาชีวศึกษา",75,0.7955620432230334
6442215827,50,58.333333333333336,22.22222222222222,69,126.45133527775606,100,"ญ","ธุรกิจและอาชีวศึกษา",85,0.7960307687519876
6442216427,10,41.66666666666667,33.33333333333333,65,161.7760978472233,75,"ญ","ธุรกิจและอาชีวศึกษา",59.04761904761905,0.6523870245370103
6442217027,50,33.33333333333333,16.666666666666664,70,126.26640833331479,100,"ญ","ธุรกิจและอาชีวศึกษา",56.25,0.7056772177280435
6442218727,20,83.33333333333334,55.55555555555556,81,154.79380819444856,87.5,"ญ","ธุรกิจและอาชีวศึกษา",95,0.5327355529708868
6442219327,40,50,61.111111111111114,61,149.17705381944774,100,"ญ","ธุรกิจและอาชีวศึกษา",81.25,0.9391402227940764
6442220927,40,33.33333333333333,38.88888888888889,63,145.218869444463,100,"ช","ธุรกิจและอาชีวศึกษา",66.78571428571429,0.911240441512022
6442221527,20,50,27.77777777777778,66,153.26740993056032,100,"ญ","ธุรกิจและอาชีวศึกษา",81.25,0.8026610955097985
6442223827,30,50,22.22222222222222,75,112.12309652778836,100,"ช","ธุรกิจและอาชีวศึกษา",62.5,0.7294248680500437
6442224427,30,41.66666666666667,33.33333333333333,59,157.88935416665342,62.5,"ช","ธุรกิจและอาชีวศึกษา",80,0.8478233826541346
6442225027,20,41.66666666666667,27.77777777777778,64,147.64770055558947,62.5,"ช","ธุรกิจและอาชีวศึกษา",80,0.9957642700384055
6442227327,50,36.36363636363637,44.44444444444444,82,158.38789875000717,87.5,"ญ","ธุรกิจและอาชีวศึกษา",83.75,0.7268510146452143
6442230127,40,33.33333333333333,27.77777777777778,66,148.846676944428,50,"ญ","ธุรกิจและอาชีวศึกษา",95,0.9705148074716692
6442231827,30,41.66666666666667,50,62,151.58498777780267,62.5,"ญ","ธุรกิจและอาชีวศึกษา",70,1
6442301027,20,41.66666666666667,22.22222222222222,81,97.7207313888934,100,"ช","จิตวิทยาการปรึกษา การแนะแนวและการศึกษาพิเศษ",83.75,0.9240350852470325
6442304027,60,66.66666666666666,22.22222222222222,84,145.83559555555382,100,"ญ","จิตวิทยาการปรึกษา การแนะแนวและการศึกษาพิเศษ",80,0.6280187994014954
6442305627,50,50,50,80,130.28961208333573,100,"ญ","จิตวิทยาการปรึกษา การแนะแนวและการศึกษาพิเศษ",82.5,0.8837729076629299
6442306227,40,33.33333333333333,33.33333333333333,59,110.94667937498954,87.5,"ญ","จิตวิทยาการปรึกษา การแนะแนวและการศึกษาพิเศษ",80,0.7061781800152389
6442307927,40,50,38.88888888888889,68,118.81902409724063,100,"ญ","จิตวิทยาการปรึกษา การแนะแนวและการศึกษาพิเศษ",82.5,0.9561606399507221
6442308527,50,66.66666666666666,55.55555555555556,78,113.05254430555635,100,"ญ","จิตวิทยาการปรึกษา การแนะแนวและการศึกษาพิเศษ",55.35714285714286,0.8798330903218283
6442309127,30,25,33.33333333333333,70,153.15317125000888,75,"ช","จิตวิทยาการปรึกษา การแนะแนวและการศึกษาพิเศษ",78.33333333333333,0.9999999999999998
6442310727,50,58.333333333333336,50,78,26.18205118055145,100,"ช","จิตวิทยาการปรึกษา การแนะแนวและการศึกษาพิเศษ",66.25,0.3126155517400459
6442312027,30,50,33.33333333333333,70,149.4861687499947,100,"ช","จิตวิทยาการปรึกษา การแนะแนวและการศึกษาพิเศษ",77.5,0.9661818637844048
6442313627,50,66.66666666666666,44.44444444444444,86,142.65239284720684,100,"ญ","จิตวิทยาการปรึกษา การแนะแนวและการศึกษาพิเศษ",85,0.7873454763916248
6442314227,40,16.666666666666664,55.55555555555556,70,148.36031333333915,62.5,"ญ","จิตวิทยาการปรึกษา การแนะแนวและการศึกษาพิเศษ",38.333333333333336,0.9957591128378305
6442315927,40,33.33333333333333,38.88888888888889,66,153.20426798610225,87.5,"ช","จิตวิทยาการปรึกษา การแนะแนวและการศึกษาพิเศษ",82.5,0.7054817372787007
6442316527,40,50,27.77777777777778,71,105.80647680555779,100,"ช","จิตวิทยาการปรึกษา การแนะแนวและการศึกษาพิเศษ",83.75,0.7563737945412077
6442317127,30,58.333333333333336,50,81,134.35113569445082,100,"ช","จิตวิทยาการปรึกษา การแนะแนวและการศึกษาพิเศษ",72.85714285714286,0.9977189232322032
6442318827,40,25,38.88888888888889,58,149.3506966667043,75,"ช","จิตวิทยาการปรึกษา การแนะแนวและการศึกษาพิเศษ",48.57142857142857,0.741998410376205
6442319427,60,50,33.33333333333333,73,139.51602861109706,87.5,"ญ","จิตวิทยาการปรึกษา การแนะแนวและการศึกษาพิเศษ",78.75,0.8831728831707532
6442320027,60,58.333333333333336,44.44444444444444,66,135.26639534721772,100,"ช","จิตวิทยาการปรึกษา การแนะแนวและการศึกษาพิเศษ",83.75,0.8965178847400899
6442321627,40,41.66666666666667,44.44444444444444,66,113.81360923611456,100,"ญ","จิตวิทยาการปรึกษา การแนะแนวและการศึกษาพิเศษ",57.67857142857143,0.8904540068440545
6442322227,70,66.66666666666666,61.111111111111114,85,133.6709261805647,87.5,"ช","จิตวิทยาการปรึกษา การแนะแนวและการศึกษาพิเศษ",73.33333333333333,0.9999999999999999
6442323927,70,58.333333333333336,33.33333333333333,89,138.19754465278652,100,"ช","จิตวิทยาการปรึกษา การแนะแนวและการศึกษาพิเศษ",82.5,1
6442324527,50,41.66666666666667,16.666666666666664,68,152.93704409721823,100,"ญ","จิตวิทยาการปรึกษา การแนะแนวและการศึกษาพิเศษ",72.5,1
6442325127,50,50,44.44444444444444,71,144.92428298610778,100,"ช","จิตวิทยาการปรึกษา การแนะแนวและการศึกษาพิเศษ",76.25,0.9271652845829385
6442326827,50,66.66666666666666,50,84,86.81660090277592,100,"ช","จิตวิทยาการปรึกษา การแนะแนวและการศึกษาพิเศษ",85,0.6580042322080751
6442327427,30,41.66666666666667,55.55555555555556,62,150.6123472916749,100,"ญ","จิตวิทยาการปรึกษา การแนะแนวและการศึกษาพิเศษ",81.25,0.8962177256920609
6442328027,70,41.66666666666667,27.77777777777778,84,138.03717888888386,100,"ญ","จิตวิทยาการปรึกษา การแนะแนวและการศึกษาพิเศษ",62.5,0.5995632906142792
6442329727,40,50,50,87,149.56121486112477,100,"ญ","จิตวิทยาการปรึกษา การแนะแนวและการศึกษาพิเศษ",83.75,0.6804470638733644
6442330227,30,58.333333333333336,50,75,160.7235810416771,100,"ญ","จิตวิทยาการปรึกษา การแนะแนวและการศึกษาพิเศษ",85,0.9510500800247665
6442331927,50,33.33333333333333,55.55555555555556,83,154.34442680555912,87.5,"ช","จิตวิทยาการปรึกษา การแนะแนวและการศึกษาพิเศษ",80,0.8902439676136735
6442332527,40,50,38.88888888888889,77,85.21132159723176,100,"ช","จิตวิทยาการปรึกษา การแนะแนวและการศึกษาพิเศษ",72.5,0.7096666889667457
6442333127,50,75,38.88888888888889,76,126.44395250000889,100,"ญ","จิตวิทยาการปรึกษา การแนะแนวและการศึกษาพิเศษ",73.75,0.7442525525928154
6442401127,40,41.66666666666667,33.33333333333333,64,100.39821486112145,100,"ญ","เทคโนโลยีการศึกษา",83.75,0.9999999999999998
6442403427,30,66.66666666666666,33.33333333333333,57,92.93670111111469,87.5,"ช","เทคโนโลยีการศึกษา",81.25,0.9408572728725004
6442408627,20,25,50,66,130.62997715277805,100,"ช","เทคโนโลยีการศึกษา",83.75,0.8733621461327954
6442411427,20,66.66666666666666,27.77777777777778,61,141.35662465277645,100,"ญ","เทคโนโลยีการศึกษา",83.75,0.8827558153894235
6442413727,10,41.66666666666667,33.33333333333333,61,150.47099562499258,87.5,"ช","เทคโนโลยีการศึกษา",70,0.9458384256838297
6442415027,20,41.66666666666667,27.77777777777778,67,122.5707845833401,100,"ญ","เทคโนโลยีการศึกษา",82.5,0.8103471191653921
6442421727,40,16.666666666666664,22.22222222222222,66,105.7285197916627,100,"ช","เทคโนโลยีการศึกษา",82.5,0.7993518698183071
