"school","gender","age","location","famsize","ParentStat","MomEdu","DadEdi","MomJob","DadJob","StuParent","traveltime","readingtime","fail","scholarship","club_act","nursery","higher","internet","InLove","fam_relation","freetime","goout","Drink_alc","health","absences","PreTest","Ach"
"obec.sec","F",14,"U","GT3","A",4,4,"at_home","teacher","mother",2,2,0,"yes","no","yes","yes","no","no",4,3,4,1,3,4,0,11
"obec.sec","F",13,"U","GT3","T",1,1,"at_home","other","father",1,2,0,"no","no","no","yes","yes","no",5,3,3,1,3,2,9,11
"obec.sec","F",11,"U","LE3","T",1,1,"at_home","other","mother",1,2,0,"yes","no","yes","yes","yes","no",4,3,2,2,3,6,12,12
"obec.sec","F",11,"U","GT3","T",4,2,"health","services","mother",1,3,0,"no","yes","yes","yes","yes","yes",3,2,2,1,5,0,14,14
"obec.sec","F",12,"U","GT3","T",3,3,"other","other","father",1,2,0,"no","no","yes","yes","no","no",4,3,2,1,5,0,11,13
"obec.sec","M",12,"U","LE3","T",4,3,"services","other","mother",1,2,0,"no","yes","yes","yes","yes","no",5,4,2,1,5,6,12,13
"obec.sec","M",12,"U","LE3","T",2,2,"other","other","mother",1,2,0,"no","no","yes","yes","yes","no",4,4,4,1,3,0,13,13
"obec.sec","F",13,"U","GT3","A",4,4,"other","teacher","mother",2,2,0,"yes","no","yes","yes","no","no",4,1,4,1,1,2,10,13
"obec.sec","M",11,"U","LE3","A",3,2,"services","other","mother",1,2,0,"no","no","yes","yes","yes","no",4,2,2,1,1,0,15,17
"obec.sec","M",11,"U","GT3","T",3,4,"other","other","mother",1,2,0,"no","yes","yes","yes","yes","no",5,5,1,1,5,0,12,13
"obec.sec","F",11,"U","GT3","T",4,4,"teacher","health","mother",1,2,0,"no","no","yes","yes","yes","no",3,3,3,1,2,2,14,14
"obec.sec","F",11,"U","GT3","T",2,1,"services","other","father",3,3,0,"no","yes","yes","yes","yes","no",5,2,2,1,4,0,10,13
"obec.sec","M",11,"U","LE3","T",4,4,"health","services","father",1,1,0,"no","yes","yes","yes","yes","no",4,3,3,1,5,0,12,12
"obec.sec","M",11,"U","GT3","T",4,3,"teacher","other","mother",2,2,0,"no","no","yes","yes","yes","no",5,4,3,1,3,0,12,13
"obec.sec","M",11,"U","GT3","A",2,2,"other","other","other",1,3,0,"no","no","yes","yes","yes","yes",4,5,2,1,3,0,14,15
"obec.sec","F",12,"U","GT3","T",4,4,"health","other","mother",1,1,0,"no","no","yes","yes","yes","no",4,4,4,1,2,6,17,17
"obec.sec","F",12,"U","GT3","T",4,4,"services","services","mother",1,3,0,"no","yes","yes","yes","yes","no",3,2,3,1,2,10,13,14
"obec.sec","F",12,"U","GT3","T",3,3,"other","other","mother",3,2,0,"yes","yes","yes","yes","no","no",5,3,2,1,4,2,13,14
"obec.sec","M",13,"U","GT3","T",3,2,"services","services","mother",1,1,3,"no","yes","yes","yes","yes","no",5,5,5,2,5,2,8,7
"obec.sec","M",12,"U","LE3","T",4,3,"health","other","father",1,1,0,"no","yes","yes","yes","yes","no",3,1,3,1,5,6,12,12
"obec.sec","M",11,"U","GT3","T",4,3,"teacher","other","mother",1,2,0,"no","no","yes","yes","yes","no",4,4,1,1,1,0,12,14
"obec.sec","M",11,"U","GT3","T",4,4,"health","health","father",1,1,0,"no","no","yes","yes","yes","no",5,4,2,1,5,0,11,12
"obec.sec","M",12,"U","LE3","T",4,2,"teacher","other","mother",1,2,0,"no","yes","yes","yes","yes","no",4,5,1,1,5,0,12,14
"obec.sec","M",12,"U","LE3","T",2,2,"other","other","mother",2,2,0,"no","yes","yes","yes","yes","no",5,4,4,2,5,2,10,10
"obec.sec","F",11,"R","GT3","T",2,4,"services","health","mother",1,3,0,"yes","yes","yes","yes","yes","no",4,3,2,1,5,2,10,10
"obec.sec","F",12,"U","GT3","T",2,2,"services","services","mother",1,1,0,"no","no","no","yes","yes","no",1,2,2,1,5,6,10,12
"obec.sec","M",11,"U","GT3","T",2,2,"other","other","mother",1,1,0,"no","no","yes","yes","yes","no",4,2,2,1,5,8,11,12
"obec.sec","M",11,"U","GT3","T",4,2,"health","services","mother",1,1,0,"no","no","yes","yes","yes","no",2,2,4,2,1,0,11,11
"obec.sec","M",12,"U","LE3","A",3,4,"services","other","mother",1,2,0,"yes","yes","yes","yes","yes","no",5,3,3,1,5,2,12,13
"obec.sec","M",12,"U","GT3","T",4,4,"teacher","teacher","mother",1,2,0,"no","yes","yes","yes","yes","yes",4,4,5,5,5,4,12,12
"obec.sec","M",11,"U","GT3","T",4,4,"health","services","mother",1,2,0,"no","no","no","yes","yes","no",5,4,2,3,5,0,10,11
"obec.sec","M",11,"U","GT3","T",4,4,"services","services","mother",2,2,0,"no","yes","yes","yes","yes","no",4,3,1,1,5,2,15,15
"obec.sec","M",11,"R","GT3","T",4,3,"teacher","at_home","mother",1,2,0,"no","yes","yes","yes","yes","yes",4,5,2,1,5,0,13,15
"obec.sec","M",11,"U","LE3","T",3,3,"other","other","mother",1,2,0,"no","yes","no","yes","yes","no",5,3,2,1,2,0,13,12
"obec.sec","M",12,"U","GT3","T",3,2,"other","other","mother",1,1,0,"no","no","no","yes","yes","no",5,4,3,1,5,4,12,12
"obec.sec","F",11,"U","GT3","T",2,3,"other","other","father",2,1,0,"no","yes","yes","yes","no","no",3,5,1,1,5,4,11,11
"obec.sec","M",11,"U","LE3","T",4,3,"teacher","services","mother",1,3,0,"no","yes","yes","yes","yes","no",5,4,3,1,4,0,14,14
"obec.sec","M",12,"R","GT3","A",4,4,"other","teacher","mother",2,3,0,"no","yes","yes","yes","yes","yes",2,4,3,1,5,4,13,13
"obec.sec","F",11,"R","GT3","T",3,4,"services","health","mother",1,3,0,"yes","yes","yes","yes","yes","no",4,3,2,1,5,2,11,12
"obec.sec","F",11,"R","GT3","T",2,2,"at_home","other","mother",1,1,0,"yes","yes","yes","yes","no","no",4,3,1,1,2,8,14,12
"obec.sec","F",12,"U","LE3","T",2,2,"other","other","mother",2,2,0,"no","yes","no","yes","yes","yes",3,3,3,1,3,16,11,10
"obec.sec","M",11,"U","LE3","T",4,4,"teacher","other","other",1,1,0,"no","no","no","yes","yes","yes",5,4,3,2,5,8,10,11
"obec.sec","M",11,"U","GT3","T",4,4,"services","teacher","father",1,2,0,"no","yes","yes","yes","yes","no",4,3,3,1,5,0,14,15
"obec.sec","M",11,"U","GT3","T",2,2,"services","services","father",1,1,0,"yes","no","yes","yes","yes","no",5,4,1,1,1,0,9,10
"obec.sec","F",12,"U","LE3","T",2,2,"other","at_home","father",2,2,1,"yes","yes","yes","yes","yes","no",4,3,3,2,5,14,10,11
"obec.sec","F",11,"U","LE3","A",4,3,"other","other","mother",1,2,0,"yes","yes","yes","yes","yes","yes",5,2,2,1,5,4,10,11
"obec.sec","F",12,"U","LE3","A",3,3,"other","services","mother",1,2,0,"no","no","yes","yes","yes","no",2,3,5,1,3,6,13,13
"obec.sec","M",12,"U","GT3","T",4,3,"health","services","mother",1,4,0,"no","yes","yes","yes","yes","no",4,2,2,1,2,2,17,17
"obec.sec","M",11,"U","GT3","T",4,2,"teacher","other","mother",1,2,0,"no","no","yes","yes","no","no",4,3,3,2,5,4,11,13
"obec.sec","F",11,"U","GT3","T",4,4,"services","teacher","father",1,2,0,"yes","yes","no","yes","yes","no",4,4,4,1,3,2,13,12
"obec.sec","F",12,"U","LE3","T",2,2,"services","services","mother",3,2,0,"no","no","yes","yes","yes","no",4,3,3,2,4,0,14,13
"obec.sec","F",11,"U","LE3","T",4,2,"health","other","mother",1,2,0,"no","no","yes","yes","yes","no",4,3,3,1,5,0,16,16
"obec.sec","M",11,"U","LE3","A",4,2,"health","health","father",2,1,0,"no","no","yes","yes","no","no",5,5,5,3,5,4,10,9
"obec.sec","F",11,"U","GT3","T",4,4,"services","services","mother",1,1,0,"yes","no","yes","yes","yes","no",3,3,4,2,5,0,13,12
"obec.sec","F",11,"U","LE3","A",3,3,"other","other","mother",1,1,0,"no","no","yes","yes","yes","no",5,3,4,4,1,0,13,13
"obec.sec","F",12,"U","GT3","A",2,1,"other","other","mother",1,2,0,"no","yes","yes","yes","yes","yes",5,3,4,1,2,2,12,12
"obec.sec","F",11,"U","GT3","A",4,3,"services","services","mother",1,2,0,"no","yes","yes","yes","yes","no",4,3,2,1,1,0,15,15
"obec.sec","M",11,"U","GT3","T",4,4,"teacher","health","mother",1,2,0,"no","yes","yes","yes","no","no",3,2,2,1,5,8,15,16
"obec.sec","M",11,"U","LE3","T",1,2,"other","at_home","father",1,2,0,"yes","yes","yes","yes","yes","no",4,3,2,1,5,0,14,14
"obec.sec","F",12,"U","GT3","T",4,2,"services","other","mother",1,2,0,"no","no","yes","yes","yes","no",4,2,3,1,5,2,16,16
"obec.sec","F",12,"R","GT3","T",4,4,"health","teacher","mother",1,2,0,"no","yes","yes","yes","no","no",2,4,4,2,4,0,17,16
"obec.sec","F",12,"U","GT3","T",1,1,"services","services","father",4,1,0,"yes","yes","no","yes","yes","yes",5,5,5,5,5,0,10,16
"obec.sec","F",12,"U","LE3","T",1,2,"other","services","father",1,2,0,"yes","yes","yes","yes","yes","no",4,4,3,1,1,0,13,10
"obec.sec","F",12,"U","GT3","T",4,3,"teacher","health","mother",1,3,0,"yes","yes","yes","yes","yes","no",3,4,4,2,4,0,14,13
"obec.sec","F",11,"U","LE3","T",4,3,"services","services","father",1,2,0,"yes","yes","yes","yes","yes","yes",4,4,4,2,2,0,13,12
"obec.sec","F",12,"U","LE3","T",4,3,"teacher","services","mother",3,2,0,"no","yes","yes","yes","yes","no",5,4,3,1,1,2,16,16
"obec.sec","M",11,"U","GT3","A",4,4,"other","services","mother",1,4,0,"no","yes","no","yes","yes","yes",1,3,3,5,3,0,11,12
"obec.sec","F",12,"U","GT3","T",3,1,"services","other","mother",1,4,0,"yes","no","yes","yes","yes","no",4,3,3,1,5,0,10,10
"obec.sec","F",11,"R","LE3","T",2,2,"health","services","mother",2,2,0,"yes","no","yes","yes","yes","no",4,1,3,1,4,0,11,11
"obec.sec","F",11,"R","LE3","T",3,1,"other","other","father",2,4,0,"no","no","no","yes","yes","no",4,4,2,2,3,6,15,15
"obec.sec","M",12,"U","GT3","T",3,1,"other","other","father",2,4,0,"no","no","yes","yes","yes","no",4,3,2,1,5,2,13,11
"obec.sec","M",11,"U","GT3","T",4,2,"other","other","mother",1,4,0,"no","no","yes","yes","yes","no",3,3,3,1,3,0,11,10
"obec.sec","F",11,"R","GT3","T",1,1,"other","other","mother",1,2,0,"yes","no","no","yes","yes","yes",3,3,4,2,5,2,13,11
"obec.sec","M",12,"U","GT3","T",3,1,"other","other","mother",1,1,0,"no","yes","yes","yes","no","no",5,3,2,2,5,0,13,14
"obec.sec","F",12,"U","GT3","T",3,3,"other","services","mother",1,2,0,"yes","yes","yes","yes","yes","no",4,3,3,2,5,4,11,11
"obec.sec","M",11,"U","GT3","T",4,3,"teacher","other","mother",1,2,0,"no","yes","yes","yes","yes","no",4,3,3,2,5,0,11,11
"obec.sec","M",11,"U","GT3","T",4,0,"teacher","other","mother",2,4,0,"no","yes","yes","yes","yes","no",3,4,3,1,1,0,12,11
"obec.sec","F",12,"U","GT3","T",2,2,"other","other","mother",1,4,0,"no","no","yes","yes","yes","yes",5,2,3,1,3,1,13,13
"obec.sec","M",13,"U","GT3","T",2,1,"other","other","mother",2,1,3,"yes","yes","yes","no","yes","no",4,5,1,1,3,0,9,10
"obec.sec","F",12,"U","GT3","T",3,4,"at_home","other","mother",1,2,0,"no","no","yes","yes","yes","no",2,4,3,1,3,14,12,11
"obec.sec","M",11,"U","GT3","T",2,3,"other","services","father",1,1,0,"yes","yes","no","yes","yes","yes",3,2,2,1,3,0,11,12
"obec.sec","M",11,"U","GT3","T",2,3,"other","other","mother",1,3,0,"yes","no","no","yes","yes","no",5,3,2,1,5,2,10,9
"obec.sec","F",11,"U","LE3","T",3,2,"services","other","mother",1,2,0,"no","no","yes","yes","yes","no",4,4,4,1,5,4,12,11
"obec.sec","M",11,"U","LE3","T",2,2,"services","services","mother",2,2,0,"no","yes","yes","yes","yes","no",5,3,3,1,4,2,13,13
"obec.sec","F",11,"U","GT3","T",1,1,"other","other","father",1,2,0,"no","yes","no","yes","yes","no",4,3,2,2,4,2,13,12
"obec.sec","F",11,"U","GT3","T",4,4,"services","services","father",2,2,0,"no","no","yes","yes","yes","yes",4,4,4,2,5,4,12,12
"obec.sec","F",12,"U","LE3","T",2,2,"at_home","other","mother",1,2,0,"no","no","yes","yes","no","no",4,3,4,1,2,6,13,11
"obec.sec","F",11,"U","GT3","T",4,2,"other","other","mother",1,3,0,"no","yes","yes","yes","yes","no",5,3,3,1,1,4,15,15
"obec.sec","M",12,"U","GT3","T",2,2,"services","other","father",2,2,0,"no","yes","no","yes","yes","no",4,4,2,1,3,6,12,11
"obec.sec","M",12,"U","LE3","A",4,4,"teacher","health","mother",1,2,0,"no","no","yes","yes","no","no",4,1,3,3,5,6,9,10
"obec.sec","F",12,"U","GT3","T",3,3,"other","other","mother",1,3,0,"no","no","yes","yes","yes","yes",4,3,3,1,4,2,9,11
"obec.sec","F",11,"U","GT3","T",4,3,"services","other","mother",1,1,0,"no","yes","yes","yes","yes","no",4,5,5,1,1,6,14,13
"obec.sec","F",12,"U","LE3","T",3,1,"other","other","father",1,2,0,"yes","no","yes","yes","no","no",3,3,3,2,2,0,12,12
"obec.sec","F",12,"U","GT3","T",4,2,"teacher","services","mother",2,2,0,"no","yes","yes","yes","yes","no",5,3,3,1,1,2,13,14
"obec.sec","M",11,"U","LE3","T",2,2,"services","health","mother",1,4,0,"no","yes","yes","yes","yes","no",4,3,4,1,4,2,11,12
"obec.sec","F",11,"R","GT3","T",1,1,"at_home","other","mother",2,4,0,"yes","yes","yes","yes","yes","no",3,1,2,1,1,4,13,13
"obec.sec","M",12,"R","GT3","T",4,3,"services","other","mother",2,1,0,"yes","yes","no","yes","yes","no",3,3,3,1,4,6,9,11
"obec.sec","F",12,"U","GT3","T",2,1,"other","other","mother",1,2,0,"no","no","yes","yes","no","yes",4,3,5,1,5,0,13,12
"obec.sec","F",12,"U","GT3","T",4,4,"other","other","mother",1,1,0,"no","yes","no","yes","yes","no",5,3,4,1,1,4,12,13
"obec.sec","F",12,"U","GT3","T",4,3,"other","at_home","mother",1,3,0,"yes","no","yes","yes","yes","no",5,3,5,1,3,2,12,13
"obec.sec","M",12,"U","GT3","T",4,4,"services","services","mother",1,1,0,"yes","yes","yes","yes","yes","no",4,5,5,5,4,12,9,8
"obec.sec","M",12,"U","GT3","T",4,4,"services","teacher","father",1,3,0,"no","yes","yes","yes","yes","yes",4,4,3,1,4,0,16,16
"obec.sec","M",11,"U","GT3","T",4,4,"services","other","mother",1,1,0,"no","yes","no","yes","yes","no",5,3,3,1,5,2,12,12
"obec.sec","F",11,"U","GT3","T",3,2,"services","other","mother",2,2,0,"yes","no","yes","yes","yes","no",4,3,5,1,2,16,11,10
"obec.sec","M",11,"U","GT3","A",3,4,"services","other","mother",1,2,0,"no","yes","yes","yes","yes","no",5,4,4,1,1,0,16,16
"obec.sec","F",11,"U","GT3","A",3,3,"other","health","father",1,4,0,"yes","no","yes","yes","no","no",4,3,3,1,4,10,10,10
"obec.sec","F",11,"U","GT3","T",2,2,"other","other","mother",1,4,0,"yes","no","yes","yes","yes","no",5,1,2,1,3,4,10,10
"obec.sec","M",12,"U","GT3","T",3,3,"services","other","father",1,3,0,"no","yes","yes","yes","yes","no",5,3,3,1,5,4,13,14
"obec.sec","M",11,"R","GT3","T",4,4,"other","other","father",4,4,0,"no","yes","yes","yes","yes","yes",1,3,5,3,1,8,12,11
"obec.sec","F",12,"U","LE3","T",4,4,"health","health","mother",1,3,0,"no","yes","yes","yes","yes","yes",5,4,5,1,4,2,15,14
"obec.sec","M",11,"U","LE3","A",4,4,"teacher","teacher","mother",1,1,0,"no","yes","yes","yes","yes","no",5,5,3,1,4,4,13,14
"obec.sec","F",12,"R","GT3","T",3,3,"services","other","father",1,3,0,"yes","yes","yes","yes","yes","no",4,1,2,1,2,4,11,11
"obec.sec","F",12,"U","GT3","T",2,2,"at_home","other","mother",1,2,1,"yes","yes","yes","yes","yes","no",3,1,2,1,5,12,8,10
"obec.sec","M",11,"U","LE3","T",4,2,"teacher","other","mother",1,1,0,"no","no","yes","yes","yes","no",3,5,2,1,3,10,18,18
"obec.sec","M",11,"R","GT3","T",2,1,"health","services","mother",1,2,0,"no","yes","yes","yes","yes","yes",5,4,2,1,5,4,10,10
"obec.sec","M",12,"U","GT3","T",4,4,"teacher","teacher","father",1,2,0,"no","yes","yes","yes","yes","no",5,4,4,1,5,6,16,14
"obec.sec","M",11,"U","GT3","T",4,4,"other","teacher","father",2,2,0,"no","yes","yes","yes","no","no",4,4,3,1,2,4,16,16
"obec.sec","M",12,"U","GT3","T",3,3,"other","services","father",2,1,0,"no","yes","yes","yes","yes","no",5,4,2,1,5,6,14,15
"obec.sec","M",13,"R","GT3","T",1,3,"other","other","father",3,2,1,"no","yes","yes","yes","yes","no",5,2,4,1,5,14,12,11
"obec.sec","M",11,"U","GT3","T",3,4,"other","other","father",1,1,0,"no","no","yes","yes","yes","no",3,4,3,1,4,2,14,14
"obec.sec","F",11,"U","GT3","T",1,2,"at_home","services","mother",1,2,0,"no","no","no","yes","yes","no",3,2,3,1,1,0,14,14
"obec.sec","M",11,"U","GT3","T",2,2,"services","services","father",1,4,0,"no","yes","yes","yes","yes","no",5,5,4,1,5,6,14,13
"obec.sec","F",12,"U","LE3","T",2,4,"other","health","father",2,2,0,"no","yes","yes","yes","yes","yes",4,2,2,1,5,2,14,13
"obec.sec","M",12,"U","GT3","T",4,4,"health","other","mother",1,1,0,"no","yes","yes","yes","yes","no",3,4,4,1,5,4,12,13
"obec.sec","F",12,"U","GT3","T",2,2,"other","other","mother",1,2,0,"no","no","yes","yes","yes","yes",5,4,4,1,5,0,12,11
"obec.sec","M",11,"U","GT3","T",3,4,"services","services","father",1,1,0,"yes","no","yes","yes","yes","no",5,5,5,3,5,2,9,9
"obec.sec","F",11,"U","LE3","A",3,4,"other","other","mother",1,2,0,"yes","yes","yes","yes","yes","yes",5,3,2,1,1,0,10,11
"obec.sec","F",15,"U","GT3","T",0,1,"at_home","other","other",1,2,2,"no","no","no","no","no","no",3,4,2,1,5,0,9,11
"obec.sec","M",12,"R","GT3","T",4,4,"teacher","teacher","mother",1,1,0,"no","yes","yes","yes","yes","no",3,5,5,2,4,8,14,15
"obec.sec","M",12,"U","GT3","T",2,3,"other","other","mother",2,3,0,"no","no","no","yes","yes","yes",3,2,3,2,1,4,13,13
"obec.sec","F",11,"R","GT3","T",3,4,"services","teacher","father",2,3,0,"no","no","yes","yes","yes","yes",4,2,2,2,5,0,10,12
"obec.sec","F",14,"U","GT3","T",2,1,"services","other","mother",1,2,3,"no","yes","yes","no","yes","yes",5,4,5,1,5,10,10,8
"obec.sec","F",13,"U","LE3","A",2,1,"other","other","mother",3,1,0,"no","no","yes","yes","yes","no",3,2,2,1,5,8,11,11
"obec.sec","F",11,"U","GT3","T",1,1,"at_home","other","mother",3,1,0,"no","yes","no","yes","yes","yes",4,3,3,1,4,6,11,13
"obec.sec","F",13,"U","LE3","T",2,2,"other","other","father",1,1,0,"no","no","yes","yes","yes","yes",3,4,4,1,5,2,13,12
"obec.sec","F",12,"U","GT3","A",3,4,"services","other","father",1,1,0,"no","no","yes","yes","yes","no",3,2,1,1,5,12,15,14
"obec.sec","M",12,"U","GT3","T",2,1,"at_home","other","mother",4,1,0,"no","no","yes","yes","no","no",3,2,1,1,2,4,9,11
"obec.sec","F",12,"U","GT3","A",2,2,"other","other","mother",1,1,1,"no","no","yes","yes","no","no",5,3,4,1,5,12,13,11
"obec.sec","M",11,"R","GT3","T",3,4,"at_home","teacher","mother",4,2,0,"no","no","yes","yes","no","yes",5,3,3,1,5,2,12,11
"obec.sec","F",11,"U","GT3","T",4,4,"services","at_home","mother",1,3,0,"no","yes","yes","yes","yes","yes",4,3,3,1,5,4,13,15
"obec.sec","M",13,"R","GT3","T",3,4,"at_home","other","mother",3,2,0,"no","no","yes","yes","no","no",5,4,5,2,5,2,10,10
"obec.sec","F",12,"R","GT3","T",1,1,"at_home","other","mother",4,2,0,"no","no","yes","yes","no","no",5,1,3,1,3,0,14,13
"obec.sec","M",14,"U","LE3","T",3,1,"services","services","mother",2,1,0,"no","yes","yes","yes","yes","yes",3,3,4,4,4,2,11,12
"obec.sec","F",14,"U","GT3","A",3,2,"other","services","other",1,3,0,"no","yes","no","yes","yes","yes",4,3,3,5,5,10,12,11
"obec.sec","F",12,"R","GT3","T",1,1,"other","services","mother",2,1,0,"no","yes","yes","yes","no","yes",3,3,3,1,1,8,12,11
"obec.sec","F",12,"U","GT3","A",3,3,"other","other","other",2,1,0,"no","yes","no","yes","yes","yes",4,3,2,1,5,4,9,10
"obec.sec","M",12,"U","LE3","T",1,1,"services","other","mother",1,2,2,"no","no","yes","yes","no","yes",4,4,4,1,5,0,10,10
"obec.sec","F",11,"U","GT3","T",4,4,"teacher","teacher","mother",2,1,0,"no","yes","yes","yes","yes","no",4,3,2,1,5,6,13,14
"obec.sec","F",11,"R","GT3","T",1,1,"other","other","mother",3,1,1,"no","yes","yes","yes","yes","yes",5,5,5,1,1,2,8,9
"obec.sec","M",11,"U","GT3","T",4,3,"teacher","services","father",2,4,0,"yes","no","yes","yes","yes","no",2,2,2,1,3,6,9,11
"obec.sec","F",11,"U","GT3","A",3,3,"services","services","mother",1,2,0,"no","no","no","yes","no","yes",1,3,2,2,1,24,9,9
"obec.sec","M",12,"U","GT3","T",4,4,"services","services","mother",1,3,0,"no","yes","yes","yes","yes","no",5,3,3,1,5,0,15,13
"obec.sec","M",12,"U","LE3","T",2,2,"services","services","father",2,1,0,"no","yes","yes","yes","yes","no",2,3,3,2,2,4,12,11
"obec.sec","F",11,"U","GT3","T",4,4,"teacher","services","mother",1,3,0,"no","yes","yes","yes","yes","no",4,2,2,1,5,2,13,13
"obec.sec","F",12,"U","LE3","T",1,1,"at_home","at_home","mother",1,1,0,"no","no","yes","yes","yes","no",3,4,4,3,1,4,10,11
"obec.sec","M",13,"U","GT3","T",2,1,"other","other","mother",1,1,0,"no","no","yes","yes","yes","no",5,4,5,1,5,22,9,6
"obec.sec","F",11,"U","GT3","T",1,1,"other","services","father",1,2,0,"no","no","yes","yes","yes","no",4,4,2,1,5,0,12,12
"obec.sec","F",11,"U","LE3","A",2,1,"at_home","other","mother",2,1,0,"no","yes","yes","no","yes","yes",4,4,2,1,5,0,11,10
"obec.sec","F",11,"U","GT3","T",3,2,"health","services","father",1,2,1,"no","no","yes","yes","yes","no",3,3,2,1,3,2,11,11
"obec.sec","F",11,"U","GT3","T",1,2,"at_home","other","mother",1,2,0,"no","no","no","yes","yes","no",4,3,2,1,5,6,13,13
"obec.sec","F",11,"U","GT3","T",1,2,"at_home","services","father",1,2,0,"no","no","no","yes","no","yes",2,3,4,2,1,6,11,11
"obec.sec","M",12,"U","GT3","T",4,4,"teacher","teacher","mother",1,1,0,"no","no","yes","no","yes","yes",3,3,2,2,5,16,9,8
"obec.sec","M",11,"U","LE3","A",2,1,"services","other","mother",4,1,0,"no","no","yes","yes","yes","no",4,5,5,2,5,0,12,11
"obec.sec","M",14,"U","LE3","T",1,1,"other","other","mother",1,1,2,"no","no","yes","no","yes","yes",2,3,5,2,4,0,11,0
"obec.sec","M",12,"U","LE3","T",2,1,"at_home","other","mother",1,1,1,"no","yes","yes","yes","no","yes",4,4,4,3,5,6,9,10
"obec.sec","F",11,"R","GT3","T",3,3,"services","services","other",2,3,0,"no","yes","yes","yes","yes","yes",4,2,1,2,3,2,13,13
"obec.sec","M",15,"U","GT3","T",3,2,"services","at_home","mother",1,1,0,"no","no","yes","no","yes","yes",4,5,4,1,4,6,11,11
"obec.sec","F",13,"U","GT3","T",4,4,"other","teacher","mother",1,1,0,"yes","no","yes","yes","no","yes",4,2,1,1,4,0,13,13
"obec.sec","M",11,"R","GT3","T",2,3,"at_home","services","mother",1,2,0,"yes","yes","yes","yes","no","no",4,4,4,1,1,0,7,8
"obec.sec","M",13,"R","LE3","T",1,2,"other","other","mother",1,1,3,"no","no","yes","yes","no","no",2,2,2,3,5,14,9,10
"obec.sec","F",14,"R","GT3","T",1,1,"at_home","other","mother",3,1,3,"no","yes","no","yes","no","no",5,2,5,1,4,6,11,11
"obec.sec","M",12,"R","GT3","T",2,2,"at_home","other","mother",3,1,0,"no","no","no","yes","no","no",4,2,2,1,3,4,12,11
"obec.sec","M",12,"U","GT3","T",3,3,"other","services","father",1,2,1,"no","no","yes","yes","yes","yes",4,5,5,4,5,0,10,1
"obec.sec","M",12,"U","LE3","T",1,2,"health","services","mother",2,1,2,"no","no","no","yes","yes","no",4,4,5,3,5,0,9,10
"obec.sec","M",13,"R","LE3","T",2,1,"at_home","other","mother",2,1,1,"no","yes","yes","no","yes","yes",3,3,2,2,5,8,8,9
"obec.sec","M",13,"R","GT3","T",3,2,"other","other","mother",2,2,2,"yes","no","yes","yes","yes","yes",4,4,4,1,3,4,7,8
"obec.sec","M",11,"U","LE3","T",1,2,"other","other","mother",2,1,0,"no","yes","yes","yes","no","no",4,4,4,2,5,2,8,10
"obec.sec","M",12,"U","GT3","T",1,3,"at_home","services","father",1,1,1,"no","no","yes","no","yes","no",5,3,3,1,2,2,9,8
"obec.sec","M",13,"R","LE3","T",1,1,"other","services","mother",4,2,0,"no","yes","yes","no","no","yes",5,3,5,1,5,0,8,8
"obec.sec","M",13,"U","GT3","T",3,2,"services","services","mother",2,1,3,"no","yes","no","no","no","no",4,5,2,1,2,10,8,8
"obec.sec","M",12,"U","GT3","T",2,2,"other","other","father",1,2,0,"no","no","yes","no","yes","no",4,3,5,2,4,0,9,11
"obec.sec","F",12,"U","GT3","T",4,2,"health","services","father",1,2,0,"no","no","yes","yes","yes","yes",4,2,3,1,3,0,17,18
"obec.sec","F",12,"U","GT3","T",2,2,"other","other","mother",1,2,0,"no","no","no","yes","yes","no",5,1,5,1,4,0,12,13
"obec.sec","F",12,"U","GT3","T",4,4,"health","health","mother",1,2,0,"no","no","yes","yes","yes","yes",4,4,2,1,3,0,16,17
"obec.sec","M",12,"U","GT3","T",3,4,"other","other","father",3,1,1,"no","yes","no","yes","yes","no",3,4,5,2,2,4,9,10
"obec.sec","M",12,"U","GT3","T",1,0,"other","other","mother",2,2,0,"no","yes","yes","yes","yes","yes",4,3,2,1,3,0,16,18
"obec.sec","M",13,"U","LE3","T",4,4,"teacher","other","mother",1,2,0,"no","yes","yes","yes","yes","no",4,4,4,1,5,0,11,10
"obec.sec","F",12,"U","GT3","T",1,3,"at_home","services","mother",1,2,0,"no","yes","no","yes","yes","yes",4,3,5,1,3,0,14,13
"obec.sec","F",12,"U","LE3","T",3,3,"other","other","mother",2,2,0,"no","yes","yes","yes","yes","no",4,4,5,1,4,0,14,15
"obec.sec","M",13,"U","LE3","T",4,3,"teacher","other","mother",2,2,0,"no","yes","yes","yes","yes","no",4,4,4,4,4,0,10,11
"obec.sec","F",12,"U","GT3","T",2,2,"services","other","mother",2,2,0,"no","yes","no","yes","yes","no",3,4,4,1,5,0,13,14
"obec.sec","M",13,"U","GT3","T",3,3,"other","other","father",1,2,0,"no","yes","no","yes","yes","no",4,3,4,1,4,4,11,10
"obec.sec","M",12,"R","GT3","T",4,2,"teacher","services","mother",1,1,0,"no","yes","yes","yes","yes","yes",4,3,3,3,3,8,10,11
"obec.sec","M",13,"U","GT3","T",4,3,"other","other","mother",1,2,0,"no","yes","yes","yes","yes","yes",5,2,3,1,2,4,11,13
"obec.sec","M",12,"U","GT3","T",4,3,"teacher","other","mother",1,2,0,"no","yes","yes","yes","yes","no",3,4,3,2,3,4,11,11
"obec.sec","M",12,"U","GT3","T",3,3,"services","other","mother",1,2,0,"no","yes","yes","yes","yes","yes",4,2,3,1,3,0,11,13
"obec.sec","F",13,"U","GT3","T",2,4,"services","services","father",1,2,0,"no","yes","yes","yes","no","no",5,4,2,2,5,0,17,17
"obec.sec","F",13,"U","LE3","T",3,3,"other","other","mother",1,2,0,"no","yes","yes","yes","yes","yes",5,3,3,2,1,32,14,14
"obec.sec","F",12,"U","GT3","T",3,2,"other","other","mother",1,2,0,"no","no","yes","yes","yes","no",1,2,2,1,1,8,14,16
"obec.sec","M",13,"U","GT3","T",3,3,"services","services","mother",1,2,0,"no","yes","yes","yes","yes","yes",4,3,4,2,4,6,11,14
"obec.sec","M",12,"U","GT3","T",1,2,"services","services","mother",1,1,0,"no","yes","yes","yes","yes","yes",3,3,3,1,3,0,10,11
"obec.sec","M",12,"U","LE3","T",2,1,"other","other","mother",1,2,0,"no","yes","yes","yes","yes","yes",4,2,3,1,5,0,13,16
"obec.sec","F",13,"U","GT3","A",3,3,"health","other","mother",1,2,0,"no","no","no","yes","yes","yes",3,3,3,1,3,10,12,14
"obec.sec","M",13,"R","GT3","T",1,2,"at_home","other","mother",1,2,0,"no","no","yes","yes","no","no",3,1,3,1,3,6,9,10
"obec.sec","F",12,"U","GT3","T",2,3,"services","services","mother",1,2,0,"no","no","yes","yes","yes","no",4,3,3,1,2,6,12,13
"obec.sec","F",13,"U","GT3","T",1,1,"at_home","services","mother",1,2,0,"no","yes","yes","yes","yes","no",5,3,3,1,3,0,12,12
"obec.sec","M",13,"U","GT3","T",1,2,"at_home","services","other",2,2,0,"no","yes","no","yes","yes","no",4,4,4,4,5,16,10,12
"obec.sec","M",12,"R","GT3","T",3,3,"services","services","mother",1,1,0,"no","yes","yes","yes","yes","no",4,3,2,3,5,0,11,10
"obec.sec","M",12,"U","GT3","T",2,3,"other","other","father",2,1,0,"no","no","yes","yes","yes","no",5,3,3,1,3,0,13,12
"obec.sec","F",13,"U","LE3","T",2,4,"services","services","father",1,2,0,"no","yes","yes","yes","yes","yes",4,3,2,1,5,8,14,16
"obec.sec","M",13,"U","GT3","T",4,4,"services","teacher","mother",1,1,0,"no","no","yes","yes","yes","no",5,2,3,1,5,4,13,14
"obec.sec","M",12,"R","LE3","T",3,3,"teacher","other","father",3,1,0,"no","yes","yes","yes","yes","no",3,3,4,3,3,16,10,12
"obec.sec","F",13,"U","GT3","T",4,4,"services","teacher","mother",2,1,1,"no","no","yes","yes","yes","no",4,2,4,2,2,30,14,16
"obec.sec","F",12,"U","LE3","T",4,4,"teacher","teacher","mother",1,2,0,"no","no","yes","yes","yes","no",4,5,2,1,3,0,11,11
"obec.sec","F",12,"U","GT3","T",4,3,"health","other","mother",1,2,0,"no","yes","yes","yes","yes","no",4,3,5,1,2,2,14,15
"obec.sec","F",12,"U","GT3","T",2,3,"other","other","mother",1,2,0,"yes","yes","yes","yes","no","no",4,4,3,1,4,4,11,12
"obec.sec","F",13,"U","GT3","T",1,1,"other","other","mother",1,2,0,"no","no","no","yes","no","no",4,4,4,1,1,0,14,15
"obec.sec","F",13,"R","GT3","T",2,2,"other","other","mother",1,1,0,"no","no","yes","yes","yes","no",5,3,2,1,3,21,13,13
"obec.sec","F",12,"R","GT3","T",2,2,"services","services","mother",2,4,0,"no","yes","no","yes","yes","no",5,3,5,1,5,6,13,13
"obec.sec","F",13,"U","GT3","T",3,4,"at_home","services","mother",1,3,1,"no","no","yes","yes","yes","yes",4,4,3,3,5,14,8,8
"obec.sec","F",12,"U","GT3","A",3,1,"services","other","mother",1,2,0,"no","no","yes","yes","yes","no",2,3,3,2,4,2,11,12
"obec.sec","F",12,"U","GT3","T",4,3,"teacher","other","mother",1,2,0,"no","yes","yes","yes","yes","yes",1,3,2,1,1,4,14,15
"obec.sec","F",12,"U","GT3","T",1,1,"at_home","other","mother",2,1,0,"no","no","yes","yes","no","no",4,3,2,1,5,2,12,13
"obec.sec","F",13,"R","GT3","T",4,3,"teacher","other","mother",2,3,0,"no","yes","yes","yes","yes","yes",4,4,2,1,4,0,11,12
"obec.sec","F",15,"U","GT3","T",3,3,"other","other","other",1,4,0,"no","yes","yes","yes","yes","no",4,3,3,1,3,4,12,12
"obec.sec","M",13,"U","LE3","T",4,4,"services","other","mother",1,2,0,"no","no","yes","yes","yes","yes",5,3,5,4,3,15,13,12
"obec.sec","F",12,"U","GT3","A",2,2,"other","other","mother",1,2,0,"yes","no","yes","yes","yes","no",3,3,4,1,4,0,13,13
"obec.sec","M",14,"U","GT3","T",2,2,"services","other","mother",1,2,0,"no","yes","yes","yes","yes","no",4,4,4,2,5,10,12,11
"obec.sec","F",13,"R","LE3","T",4,4,"services","other","mother",1,1,0,"no","no","yes","yes","no","no",5,2,1,1,3,6,12,11
"obec.sec","F",13,"U","LE3","T",3,2,"other","other","mother",2,2,0,"no","no","yes","yes","yes","no",4,4,4,1,1,2,14,15
"obec.sec","F",13,"U","GT3","T",4,3,"other","other","mother",1,2,0,"no","no","yes","yes","yes","yes",3,4,5,2,1,16,11,10
"obec.sec","M",14,"U","LE3","T",3,3,"services","health","father",1,2,0,"no","no","yes","yes","yes","no",3,2,4,2,4,10,10,10
"obec.sec","F",13,"U","GT3","T",2,3,"at_home","other","father",2,1,0,"no","no","yes","yes","no","no",3,3,3,1,3,4,12,13
"obec.sec","F",13,"U","GT3","T",2,2,"at_home","at_home","mother",1,3,0,"no","yes","yes","yes","yes","no",4,3,3,1,4,0,12,13
"obec.sec","F",13,"R","GT3","T",2,1,"at_home","services","mother",2,2,0,"no","yes","yes","yes","yes","no",4,2,5,1,5,0,11,11
"obec.sec","F",13,"U","GT3","T",1,1,"at_home","other","mother",1,3,0,"no","yes","yes","yes","no","yes",4,3,4,1,5,12,12,12
"obec.sec","F",12,"U","GT3","T",2,3,"services","teacher","mother",1,2,0,"yes","no","yes","yes","yes","no",2,3,1,1,3,0,13,14
"obec.sec","M",14,"U","GT3","T",2,2,"other","other","mother",2,2,3,"no","no","yes","yes","yes","no",3,3,3,5,4,9,10,10
"obec.sec","F",12,"U","GT3","T",4,4,"teacher","services","mother",1,3,0,"no","yes","no","yes","yes","no",5,3,2,1,5,4,15,16
"obec.sec","F",14,"R","GT3","T",3,1,"other","other","mother",1,2,0,"no","yes","yes","yes","yes","yes",5,3,3,1,4,4,8,8
"obec.sec","F",13,"U","GT3","T",3,2,"other","other","mother",1,2,0,"no","yes","no","yes","yes","no",5,3,4,1,3,2,17,17
"obec.sec","M",13,"U","LE3","T",2,3,"services","services","father",1,2,0,"no","no","no","yes","yes","no",5,3,3,1,3,0,10,11
"obec.sec","M",14,"U","LE3","T",2,1,"at_home","other","mother",4,2,0,"yes","yes","yes","yes","yes","yes",4,3,2,4,3,2,9,11
"obec.sec","F",13,"U","GT3","A",2,1,"other","other","mother",2,3,0,"no","yes","yes","yes","yes","yes",3,2,3,1,3,0,15,16
"obec.sec","F",13,"U","LE3","T",4,3,"health","other","father",1,2,0,"no","yes","yes","yes","yes","yes",3,2,3,1,3,0,14,12
"obec.sec","M",13,"R","GT3","T",2,2,"other","other","father",2,2,0,"no","yes","yes","yes","yes","no",4,5,2,1,1,0,12,13
"obec.sec","M",13,"U","GT3","T",4,4,"teacher","teacher","mother",1,2,0,"yes","yes","yes","yes","yes","yes",4,5,5,1,2,0,13,13
"obec.sec","M",12,"U","GT3","T",4,4,"health","other","father",1,2,0,"no","yes","yes","yes","yes","no",4,2,4,2,1,0,13,14
"obec.sec","M",12,"U","LE3","T",1,1,"other","other","mother",2,2,0,"no","no","yes","yes","yes","no",3,4,2,1,5,2,9,9
"obec.sec","M",12,"U","GT3","T",3,2,"at_home","other","mother",2,3,0,"no","yes","yes","yes","yes","yes",5,3,3,1,2,0,12,12
"obec.sec","M",13,"U","LE3","T",2,2,"other","other","father",1,2,0,"no","yes","no","yes","yes","yes",4,4,2,5,4,0,16,16
"obec.sec","F",12,"U","GT3","T",2,1,"other","other","mother",1,1,0,"no","no","yes","yes","yes","yes",4,5,2,1,5,4,9,10
"obec.sec","F",12,"U","GT3","A",4,1,"other","other","mother",1,2,0,"no","yes","yes","yes","yes","yes",5,3,3,1,5,0,14,13
"obec.sec","F",14,"U","LE3","A",2,4,"services","other","mother",2,2,1,"no","no","yes","yes","yes","no",4,3,3,1,3,18,10,10
"obec.sec","F",14,"U","LE3","T",2,2,"at_home","services","mother",1,2,1,"no","no","no","yes","yes","yes",5,3,1,1,5,16,9,10
"obec.sec","F",14,"U","GT3","T",3,3,"other","other","mother",2,1,1,"no","no","yes","no","yes","no",4,1,1,1,3,14,8,7
"obec.sec","M",14,"U","GT3","T",2,2,"other","at_home","other",1,1,1,"no","yes","no","no","yes","yes",4,4,3,2,1,26,7,8
"obec.sec","M",13,"U","GT3","T",4,4,"teacher","teacher","mother",1,1,0,"no","yes","no","yes","yes","no",4,2,1,1,5,6,10,9
"obec.sec","F",13,"U","GT3","T",3,2,"other","other","father",1,2,0,"no","yes","yes","yes","no","no",5,4,2,1,3,4,14,15
"obec.sec","F",13,"U","LE3","T",1,1,"at_home","at_home","mother",1,3,0,"no","yes","yes","yes","yes","yes",4,3,2,1,4,10,11,10
"obec.sec","F",12,"U","GT3","T",1,2,"other","other","mother",1,1,0,"no","no","yes","no","yes","no",5,3,5,1,5,4,12,11
"obec.sec","F",13,"R","GT3","T",2,1,"at_home","services","mother",3,2,0,"no","yes","yes","yes","no","no",2,1,1,1,3,2,13,13
"obec.sec","F",13,"R","LE3","A",1,4,"other","other","other",4,1,1,"no","no","yes","yes","yes","no",5,5,4,1,5,14,9,8
"obec.sec","M",14,"U","GT3","T",2,2,"other","services","father",1,2,0,"no","no","yes","no","yes","no",5,5,4,3,2,16,8,8
"obec.sec","F",13,"U","LE3","A",2,2,"other","other","mother",1,1,1,"no","no","no","no","yes","no",3,1,2,1,1,8,11,10
"obec.sec","F",13,"R","LE3","T",1,1,"at_home","other","mother",2,3,0,"no","yes","yes","yes","yes","no",4,3,3,1,5,4,15,15
"obec.sec","F",13,"U","LE3","A",4,2,"teacher","other","mother",1,2,0,"no","yes","yes","yes","no","no",4,3,2,1,4,4,15,14
"obec.sec","M",13,"U","LE3","T",4,3,"health","other","mother",2,2,0,"no","yes","yes","yes","yes","yes",2,5,5,1,5,8,15,15
"obec.sec","M",13,"R","LE3","A",4,4,"teacher","other","mother",2,2,0,"no","no","yes","yes","yes","no",3,3,3,2,4,0,12,12
"obec.sec","M",12,"U","LE3","T",4,3,"teacher","other","mother",1,1,0,"no","yes","no","yes","yes","no",5,4,5,1,3,7,14,15
"obec.sec","M",12,"U","GT3","T",4,4,"services","services","mother",1,1,0,"no","yes","yes","yes","yes","no",5,3,2,1,5,4,14,15
"obec.sec","F",13,"U","GT3","T",4,4,"teacher","services","mother",1,2,0,"no","no","yes","yes","yes","yes",5,3,1,1,5,2,11,12
"obec.sec","M",13,"R","GT3","T",1,1,"other","other","father",2,3,0,"no","no","no","yes","yes","yes",4,3,3,1,1,2,13,15
"obec.sec","F",13,"U","GT3","T",3,3,"services","other","mother",2,3,0,"no","no","yes","yes","yes","yes",4,2,2,2,5,10,11,11
"obec.sec","F",13,"U","GT3","T",1,1,"at_home","other","mother",1,2,0,"yes","no","no","yes","no","yes",4,3,2,1,4,10,10,10
"obec.sec","F",14,"U","GT3","T",2,1,"other","other","other",2,3,0,"no","no","no","yes","yes","yes",4,4,4,1,3,10,12,11
"obec.sec","M",12,"U","GT3","T",2,1,"other","other","mother",3,1,0,"no","no","yes","yes","yes","no",4,3,3,1,4,7,15,16
"obec.sec","F",13,"U","GT3","T",1,1,"other","services","father",1,2,0,"no","no","yes","yes","no","no",4,3,4,1,5,4,11,11
"obec.sec","M",13,"U","GT3","T",2,3,"other","other","father",2,1,0,"no","no","yes","yes","yes","no",5,2,2,1,2,2,9,13
"obec.sec","M",18,"U","GT3","T",3,1,"services","services","mother",1,1,3,"no","no","no","no","yes","yes",5,4,5,5,1,12,7,5
"obec.sec","M",14,"R","LE3","T",3,3,"other","services","mother",1,2,0,"no","no","yes","yes","yes","yes",4,3,3,1,5,8,10,10
"obec.sec","M",12,"U","GT3","T",0,2,"other","other","mother",1,1,0,"no","no","no","yes","yes","no",4,3,2,2,5,0,11,11
"obec.sec","M",14,"U","GT3","T",3,2,"services","other","mother",2,1,0,"no","no","yes","no","yes","no",4,4,5,2,5,8,7,7
"obec.sec","M",12,"U","GT3","T",3,3,"at_home","other","other",3,2,1,"yes","no","no","yes","yes","no",5,3,3,1,2,4,9,10
"obec.sec","M",14,"U","GT3","T",2,1,"services","services","mother",1,1,2,"no","no","no","no","yes","no",3,2,5,2,5,4,7,6
"obec.sec","M",12,"R","GT3","T",2,1,"other","other","mother",2,1,0,"no","yes","no","yes","no","no",3,3,2,1,3,2,14,12
"obec.sec","M",13,"R","GT3","T",2,1,"other","other","mother",1,1,0,"no","no","no","yes","yes","no",4,4,2,2,5,0,12,13
"obec.sec","M",13,"U","LE3","T",1,1,"health","other","mother",2,1,1,"no","yes","yes","yes","yes","no",4,4,4,1,5,0,9,10
"obec.sec","F",14,"U","LE3","A",2,1,"other","other","mother",1,2,0,"no","no","no","yes","yes","yes",4,3,4,1,5,2,12,13
"obec.sec","F",13,"U","LE3","T",4,2,"teacher","services","mother",1,4,0,"no","yes","yes","yes","yes","no",4,2,3,1,4,2,14,17
"obec.sec","F",15,"U","GT3","T",2,2,"services","services","mother",1,2,0,"no","no","yes","yes","yes","no",4,3,3,1,5,0,10,11
"obec.sec","M",14,"U","LE3","T",2,1,"services","other","mother",3,2,1,"no","yes","no","no","yes","no",4,4,5,4,5,4,11,11
"obec.sec","F",13,"R","GT3","T",4,2,"other","other","mother",1,3,0,"no","yes","yes","yes","yes","no",4,3,4,1,5,2,11,14
"obec.sec","F",14,"U","LE3","T",1,1,"other","at_home","mother",1,3,0,"no","no","no","yes","no","no",4,4,3,2,3,4,11,14
"obec.sec","F",14,"R","GT3","T",2,2,"other","other","mother",1,2,0,"yes","no","yes","yes","no","no",3,2,3,1,5,4,11,13
"obec.sec","M",15,"U","LE3","A",4,3,"services","at_home","mother",1,2,0,"no","no","yes","yes","yes","no",4,3,1,1,1,4,11,14
"obec.sec","M",14,"U","GT3","T",2,1,"other","other","mother",1,2,0,"no","yes","yes","yes","yes","no",5,2,4,1,4,2,16,16
"obec.sec","M",13,"R","GT3","T",2,2,"other","services","mother",2,1,0,"no","no","no","no","no","no",5,2,2,1,4,0,9,10
"obec.sec","F",13,"U","LE3","T",2,2,"services","services","father",1,4,0,"no","yes","yes","yes","yes","yes",3,4,1,1,2,2,10,12
"obec.sec","F",16,"R","GT3","T",2,1,"other","other","other",2,2,0,"no","yes","yes","no","yes","yes",1,2,3,1,2,8,10,12
"obec.sec","F",14,"U","GT3","T",4,3,"services","other","father",1,2,0,"no","no","yes","yes","yes","yes",3,1,2,1,2,2,15,15
"obec.sec","M",14,"U","GT3","T",4,3,"teacher","other","mother",1,2,0,"no","no","no","yes","yes","no",4,3,2,1,3,2,10,11
"obec.sec","M",14,"R","GT3","T",3,2,"other","other","mother",1,3,0,"no","yes","no","yes","no","no",5,3,2,1,3,2,10,12
"obec.sec","F",13,"U","GT3","T",3,3,"other","other","mother",1,3,0,"no","yes","no","yes","no","no",3,2,3,1,4,2,15,13
"obec.sec","F",14,"U","GT3","T",2,2,"at_home","services","mother",1,3,0,"no","yes","yes","yes","yes","yes",4,3,3,1,3,0,11,13
"obec.sec","M",13,"U","GT3","T",2,2,"other","other","father",2,1,0,"no","no","yes","no","yes","no",4,4,4,2,4,8,8,9
"obec.sec","M",14,"R","LE3","A",3,4,"other","other","mother",2,2,0,"no","yes","yes","yes","yes","no",4,2,5,3,1,6,15,16
"obec.sec","M",13,"U","GT3","T",3,1,"services","other","mother",1,2,0,"no","yes","yes","yes","yes","yes",5,4,4,3,5,0,11,14
"obec.sec","F",14,"R","GT3","T",4,4,"teacher","other","mother",2,2,0,"no","yes","yes","yes","yes","no",4,3,4,2,4,8,10,12
"obec.sec","M",14,"U","GT3","T",4,2,"health","other","father",1,2,0,"no","yes","yes","yes","yes","yes",5,4,5,1,5,4,10,14
"obec.sec","F",14,"R","GT3","T",2,1,"other","other","mother",2,2,0,"no","no","yes","no","yes","yes",4,3,5,1,3,12,8,10
"obec.sec","F",15,"U","GT3","T",3,3,"other","services","other",1,2,0,"no","yes","yes","yes","yes","no",4,3,5,3,5,16,11,12
"obec.sec","F",14,"U","GT3","T",2,3,"other","services","father",1,4,0,"no","yes","yes","yes","yes","yes",4,5,5,1,2,10,16,16
"obec.sec","F",14,"U","LE3","T",1,1,"other","other","mother",2,2,0,"no","no","no","yes","no","no",4,4,3,1,3,2,13,13
"obec.sec","M",13,"R","GT3","T",1,2,"at_home","at_home","mother",1,2,0,"no","yes","no","yes","no","yes",3,5,2,2,1,2,16,18
"obec.sec","F",14,"U","GT3","T",2,1,"other","other","mother",1,2,0,"no","no","yes","yes","yes","yes",4,2,5,1,1,8,14,15
"obec.sec","F",13,"U","GT3","T",2,4,"at_home","health","mother",2,2,0,"no","no","yes","yes","yes","yes",4,3,3,1,1,6,15,16
"obec.sec","F",13,"U","LE3","T",2,2,"services","other","mother",2,2,0,"yes","no","yes","yes","yes","yes",4,4,4,2,5,6,12,12
"obec.sec","F",14,"R","GT3","A",3,2,"other","services","mother",2,2,0,"no","no","no","no","yes","yes",4,1,1,1,5,15,12,10
"obec.sec","M",14,"U","GT3","T",4,4,"teacher","services","mother",2,1,0,"no","yes","yes","yes","yes","no",3,2,4,1,3,6,11,12
"obec.sec","F",14,"U","GT3","T",4,4,"health","health","father",1,2,1,"yes","yes","yes","yes","yes","yes",2,4,4,1,4,2,14,13
"obec.sec","F",13,"U","GT3","T",2,2,"other","services","father",3,3,0,"no","no","yes","yes","yes","yes",4,2,3,1,1,8,13,15
"obec.sec","F",15,"R","GT3","T",3,2,"services","services","father",1,2,1,"yes","no","yes","no","yes","no",3,3,3,4,3,0,9,10
"obec.sec","M",14,"U","LE3","T",4,3,"teacher","services","mother",2,1,0,"no","yes","yes","yes","yes","no",4,2,3,1,1,0,10,10
"obec.sec","M",14,"U","GT3","T",1,2,"at_home","other","other",2,1,0,"no","no","no","no","yes","no",3,4,4,2,4,10,10,11
"obec.sec","M",13,"U","LE3","A",4,1,"services","other","mother",2,1,0,"no","yes","yes","yes","yes","yes",4,5,4,2,5,22,11,10
"obec.sec","M",13,"U","LE3","A",3,2,"teacher","services","mother",1,1,0,"no","no","yes","yes","yes","no",4,4,4,3,3,18,13,13
"obec.sec","F",14,"R","LE3","T",1,1,"at_home","other","mother",2,4,0,"no","yes","yes","yes","no","no",5,2,2,1,3,2,17,18
"obec.sec","F",14,"U","GT3","T",1,1,"other","other","mother",2,2,0,"yes","yes","yes","yes","yes","no",5,4,4,1,4,0,12,13
"obec.sec","F",13,"U","GT3","T",2,2,"other","other","mother",1,2,0,"no","no","no","yes","yes","no",5,4,5,1,5,12,12,14
"obec.sec","F",14,"U","GT3","T",2,1,"other","other","mother",2,2,0,"no","yes","yes","yes","yes","yes",4,3,1,1,5,10,12,14
"obec.sec","M",13,"U","GT3","T",1,1,"other","other","father",1,2,0,"no","no","no","yes","yes","no",4,3,3,1,4,0,12,12
"obec.sec","F",14,"U","GT3","T",2,2,"at_home","at_home","mother",1,3,0,"no","no","yes","yes","yes","no",4,3,3,1,2,0,18,18
"obec.sec","F",13,"U","GT3","T",1,1,"services","teacher","mother",1,3,0,"no","no","yes","yes","yes","no",4,3,3,1,3,0,13,14
"obec.sec","M",14,"U","GT3","T",2,1,"services","services","mother",1,3,0,"no","yes","yes","yes","yes","no",4,2,4,1,2,0,14,15
"obec.sec","M",14,"U","LE3","A",4,4,"teacher","teacher","mother",1,2,0,"no","yes","yes","yes","yes","no",5,4,3,1,2,0,17,17
"obec.sec","M",14,"U","GT3","T",4,2,"teacher","other","mother",1,2,0,"no","yes","yes","yes","yes","yes",4,3,2,1,5,2,15,16
"obec.sec","F",13,"U","GT3","T",4,3,"health","services","mother",1,3,0,"no","no","yes","yes","yes","no",4,2,2,1,3,0,17,18
"obec.sec","F",13,"R","LE3","T",3,1,"services","other","mother",2,4,0,"no","no","yes","yes","no","no",3,1,2,1,3,0,18,19
"obec.sec","M",14,"R","LE3","T",3,2,"services","other","mother",2,3,0,"no","yes","yes","yes","yes","no",5,4,2,1,4,0,14,15
"obec.sec","M",13,"U","GT3","T",3,3,"health","other","mother",1,1,0,"no","no","yes","yes","yes","no",4,4,3,1,5,0,14,15
"obec.sec","F",15,"U","GT3","T",4,4,"health","other","other",2,2,0,"no","yes","yes","yes","yes","no",2,3,4,2,2,2,14,13
"obec.sec","F",14,"U","LE3","T",4,3,"other","other","other",2,2,0,"no","no","yes","yes","yes","yes",4,4,5,1,2,0,13,14
"obec.sec","F",14,"U","GT3","T",4,3,"other","other","father",1,4,0,"no","no","yes","yes","yes","no",4,3,3,1,3,0,16,17
"obec.sec","M",14,"U","LE3","T",4,4,"teacher","teacher","mother",1,1,0,"no","no","yes","yes","yes","yes",1,4,2,2,1,0,18,17
"obec.sec","F",14,"U","LE3","A",4,4,"health","other","mother",1,2,0,"no","no","yes","yes","yes","yes",4,2,4,1,4,0,14,15
"obec.sec","M",13,"U","LE3","T",4,4,"other","teacher","father",2,1,0,"no","no","yes","yes","yes","no",4,1,1,2,5,0,12,13
"obec.sec","F",13,"R","GT3","T",4,4,"services","services","mother",2,3,0,"no","yes","yes","yes","yes","no",5,3,4,1,5,0,7,8
"obec.sec","F",13,"U","GT3","T",4,2,"other","other","mother",2,3,0,"no","no","yes","yes","yes","no",4,3,3,1,3,0,16,16
"obec.sec","F",13,"U","GT3","T",3,2,"health","health","father",1,4,0,"no","yes","no","yes","yes","no",5,2,2,1,5,0,18,18
"obec.sec","M",15,"R","LE3","T",2,1,"at_home","services","mother",2,3,1,"no","yes","yes","yes","yes","yes",4,3,1,1,5,0,9,11
"obec.sec","M",16,"U","GT3","A",3,2,"services","other","other",1,1,2,"no","yes","yes","yes","no","no",5,5,3,1,5,0,14,15
"obec.sec","M",15,"R","GT3","T",3,3,"other","services","father",1,2,0,"no","yes","yes","yes","no","yes",4,5,3,1,5,0,10,11
"obec.sec","F",14,"U","GT3","T",1,4,"other","teacher","mother",1,2,0,"yes","no","no","yes","no","yes",3,4,4,1,5,2,10,11
"obec.sec","F",14,"U","GT3","T",2,1,"services","other","mother",2,2,0,"no","yes","yes","yes","yes","no",5,3,3,1,1,2,12,15
"obec.sec","F",13,"U","GT3","T",2,3,"other","other","father",2,2,0,"no","yes","yes","yes","yes","yes",4,2,1,1,3,2,11,14
"obec.sec","F",13,"R","GT3","T",4,4,"teacher","teacher","mother",1,1,0,"no","yes","yes","yes","yes","no",4,4,4,1,5,2,15,17
"obec.sec","F",14,"U","GT3","T",4,3,"other","other","mother",1,3,0,"no","yes","yes","yes","yes","yes",4,3,4,1,5,2,14,17
"obec.sec","F",14,"U","LE3","T",4,3,"health","services","mother",2,1,0,"no","no","yes","yes","yes","no",3,2,4,1,1,8,12,15
"obec.sec","F",13,"R","GT3","T",3,4,"at_home","services","father",1,3,0,"no","yes","no","yes","yes","no",4,3,4,2,5,2,15,17
"obec.sec","F",14,"U","GT3","T",3,3,"at_home","other","father",1,2,0,"no","no","yes","yes","yes","no",4,1,4,1,3,8,11,14
"obec.sec","M",15,"U","GT3","T",4,2,"health","other","mother",2,2,0,"no","yes","yes","yes","yes","yes",5,4,4,1,1,9,11,10
"obec.sec","F",14,"U","GT3","T",4,4,"teacher","other","mother",1,2,0,"no","no","yes","yes","yes","no",4,4,4,3,5,0,12,13
"obec.sec","F",14,"U","GT3","T",3,4,"other","other","mother",1,1,0,"no","yes","yes","yes","yes","yes",5,4,4,1,1,4,11,14
"obec.sec","F",13,"U","GT3","T",4,4,"health","health","mother",1,1,0,"no","yes","yes","yes","yes","no",5,3,4,1,5,2,14,17
"obec.sec","F",13,"U","GT3","A",4,3,"services","services","mother",1,2,0,"no","no","yes","yes","yes","yes",5,2,2,1,5,14,15,17
"obec.sec","F",13,"U","LE3","A",3,3,"services","other","mother",1,2,0,"yes","no","yes","yes","yes","no",5,3,3,1,5,0,12,13
"obec.sec","F",13,"U","LE3","T",2,1,"other","other","father",1,2,0,"no","yes","yes","yes","yes","no",4,2,3,2,2,2,11,14
"obec.sec","M",14,"U","LE3","T",4,4,"other","other","father",1,1,0,"no","no","yes","yes","yes","no",4,2,5,3,5,2,8,11
"obec.sec","F",15,"U","GT3","T",1,1,"other","other","other",3,3,0,"no","yes","yes","no","no","yes",1,5,5,4,5,12,10,11
"obec.sec","F",15,"U","LE3","A",1,1,"other","other","other",3,2,2,"no","no","no","yes","yes","yes",5,3,4,1,4,2,8,9
"obec.sec","F",14,"U","GT3","T",2,2,"other","other","mother",1,1,0,"no","yes","yes","yes","yes","yes",4,3,5,2,5,2,10,10
"obec.sec","F",13,"U","GT3","T",2,2,"other","other","mother",1,2,0,"no","no","yes","yes","no","yes",4,2,2,1,3,4,14,13
"obec.sec","F",13,"R","LE3","T",2,2,"services","services","mother",1,3,0,"no","yes","yes","yes","yes","no",3,3,2,2,3,0,11,10
"obec.sec","F",13,"U","GT3","T",3,1,"services","services","father",1,3,0,"no","no","no","yes","yes","no",3,4,3,2,5,0,17,17
"obec.sec","F",13,"U","LE3","T",0,2,"at_home","at_home","father",2,3,0,"no","no","yes","yes","yes","no",3,3,3,2,2,0,14,15
"obec.sec","F",14,"U","GT3","T",1,1,"other","other","mother",2,3,0,"no","yes","yes","yes","yes","no",4,5,5,1,2,0,14,14
"obec.sec","M",14,"U","GT3","T",4,4,"other","other","mother",1,3,0,"no","yes","yes","yes","yes","no",4,3,3,2,3,0,13,13
"obec.sec","M",13,"U","GT3","T",3,3,"other","services","mother",1,1,0,"no","yes","no","yes","yes","no",4,3,5,3,5,0,17,17
"obec.sec","M",13,"R","GT3","T",2,2,"services","other","mother",4,1,0,"no","no","yes","yes","yes","no",4,4,5,5,4,2,11,10
"obec.sec","F",13,"U","GT3","T",4,4,"teacher","services","mother",1,3,0,"no","yes","yes","yes","yes","no",5,4,4,1,4,0,13,13
"obec.sec","F",13,"U","GT3","T",4,4,"teacher","teacher","mother",2,3,0,"no","no","no","yes","yes","yes",4,3,3,1,4,4,15,15
"obec.sec","F",13,"U","GT3","T",3,3,"at_home","other","mother",1,1,0,"no","yes","yes","yes","yes","no",4,2,5,2,5,2,11,11
"obec.sec","M",14,"U","LE3","T",2,2,"other","other","mother",1,4,0,"no","yes","yes","yes","yes","no",4,5,5,2,5,0,11,12
"obec.sec","M",15,"R","GT3","T",3,2,"at_home","services","other",1,1,0,"no","no","no","yes","no","yes",5,3,4,2,5,0,11,10
"obec.sec","F",14,"U","GT3","T",2,2,"at_home","other","mother",4,2,0,"no","yes","yes","yes","no","yes",4,2,5,1,2,2,10,10
"obec.sec","F",13,"R","GT3","T",2,4,"at_home","other","father",1,3,0,"no","no","yes","yes","yes","yes",4,4,3,1,5,0,15,15
"obec.sec","M",14,"U","GT3","T",2,2,"other","other","mother",1,1,0,"no","no","no","yes","yes","no",5,4,2,1,5,6,15,15
"obec.sec","F",14,"U","GT3","T",3,3,"services","services","mother",1,2,0,"no","yes","yes","yes","yes","no",5,3,4,1,4,8,10,12
"obec.sec","F",14,"U","LE3","T",2,2,"other","other","other",1,2,0,"no","yes","no","yes","yes","yes",4,3,3,1,2,0,10,12
"obec.sec","F",14,"R","GT3","T",2,2,"at_home","other","mother",2,4,0,"no","yes","yes","yes","no","no",4,4,4,1,4,6,14,14
"obec.sec","F",13,"U","GT3","T",3,4,"services","other","mother",1,3,0,"no","no","yes","yes","yes","no",4,4,5,1,5,8,11,14
"obec.sec","F",13,"U","GT3","T",3,2,"other","other","mother",1,2,0,"no","no","yes","yes","yes","yes",4,3,2,2,2,0,12,15
"obec.sec","F",14,"U","LE3","T",3,3,"services","services","mother",1,4,0,"no","no","yes","yes","yes","no",5,3,3,1,1,4,14,15
"obec.sec","F",13,"R","GT3","A",3,2,"other","other","mother",1,2,0,"no","no","yes","yes","yes","no",4,3,3,2,2,0,14,16
"obec.sec","M",14,"U","GT3","T",4,4,"teacher","services","father",1,2,0,"no","yes","yes","yes","yes","no",4,3,3,2,2,0,12,13
"obec.sec","M",14,"U","LE3","T",3,4,"services","other","mother",1,2,0,"no","yes","yes","yes","yes","yes",4,3,3,1,5,6,16,17
"obec.sec","F",13,"U","GT3","A",2,2,"at_home","at_home","father",1,2,0,"no","no","yes","yes","yes","yes",3,3,1,1,4,18,10,14
"obec.sec","F",14,"U","GT3","T",2,3,"at_home","other","mother",1,3,0,"no","no","yes","yes","yes","no",4,3,3,1,3,0,11,14
"obec.sec","F",14,"U","GT3","T",3,2,"other","services","mother",1,3,0,"no","no","yes","yes","yes","yes",5,4,3,2,1,4,14,17
"obec.sec","M",14,"R","GT3","T",4,3,"teacher","services","mother",1,3,0,"no","no","yes","yes","yes","yes",5,3,2,1,4,4,15,17
"obec.sec","M",14,"U","GT3","T",4,3,"teacher","other","mother",1,3,0,"no","no","yes","yes","yes","yes",5,4,5,2,5,0,14,14
"obec.sec","F",13,"U","GT3","T",4,3,"health","other","mother",1,3,0,"no","yes","yes","yes","yes","yes",4,4,3,1,4,0,11,13
"obec.sec","F",13,"U","GT3","T",2,1,"services","other","mother",2,2,0,"no","yes","yes","yes","yes","yes",4,3,4,2,1,10,12,15
"obec.sec","F",13,"U","GT3","T",2,1,"services","other","mother",1,2,0,"no","yes","yes","yes","yes","no",4,3,5,2,4,4,12,16
"obec.sec","F",15,"U","LE3","A",2,3,"at_home","other","other",2,1,1,"no","no","yes","no","yes","no",2,2,3,3,5,16,10,11
"obec.sec","F",13,"U","GT3","T",3,1,"other","at_home","mother",1,1,1,"no","no","yes","yes","yes","yes",4,1,2,1,3,6,10,13
"obec.sec","F",17,"U","LE3","T",4,4,"other","other","other",1,3,2,"no","yes","yes","yes","yes","no",3,3,2,1,5,0,9,12
"obec.sec","M",14,"U","LE3","T",2,2,"services","services","mother",1,2,0,"no","yes","no","no","yes","no",4,4,4,1,3,11,9,12
"obec.sec","M",14,"U","LE3","A",3,4,"other","other","other",1,2,0,"no","yes","yes","yes","yes","yes",4,3,5,1,2,9,13,15
"obec.sec","F",13,"U","GT3","T",2,2,"services","services","mother",1,2,0,"no","yes","yes","yes","yes","no",4,3,4,1,4,0,13,17
"obec.sec","M",13,"U","LE3","A",4,4,"health","other","mother",1,3,0,"no","no","yes","yes","yes","no",4,4,2,1,4,2,12,15
"obec.sec","F",14,"U","LE3","T",4,2,"teacher","other","mother",1,2,0,"no","yes","yes","yes","yes","no",4,2,2,1,3,0,14,17
"obec.sec","M",17,"R","LE3","T",1,1,"at_home","other","other",2,2,2,"no","yes","yes","no","yes","yes",5,3,3,5,4,21,9,10
"obec.sec","F",16,"R","GT3","T",1,1,"other","other","other",2,3,0,"no","no","yes","yes","yes","yes",3,2,2,1,3,8,11,15
"obec.sec","F",15,"U","GT3","T",4,4,"teacher","other","other",1,1,1,"no","no","yes","yes","yes","yes",3,2,5,4,5,5,9,11
"obec.sec","M",13,"U","LE3","A",3,2,"other","other","mother",1,2,0,"no","no","yes","yes","yes","no",4,4,4,1,5,10,16,18
"obec.sec","F",14,"U","GT3","T",3,2,"at_home","other","father",1,3,0,"no","no","yes","yes","yes","yes",4,3,4,1,2,5,14,17
"obec.sec","M",14,"R","GT3","T",2,3,"other","services","father",1,1,0,"no","no","yes","yes","yes","no",3,1,3,4,4,13,13,14
"obec.sec","M",15,"U","GT3","T",2,1,"other","other","mother",1,1,0,"no","no","yes","yes","yes","no",5,3,4,1,4,10,7,11
"obec.sec","F",14,"U","LE3","A",2,2,"services","other","mother",2,2,0,"no","no","yes","yes","yes","no",4,1,4,1,4,10,14,17
"obec.sec","F",16,"U","GT3","T",1,0,"other","other","mother",2,1,1,"yes","no","yes","yes","yes","yes",5,3,1,1,5,5,8,10
"obec.sec","F",14,"U","GT3","T",3,2,"services","other","mother",1,2,0,"no","yes","no","yes","yes","yes",3,1,2,1,1,4,10,13
"obec.pri","F",12,"U","GT3","T",1,3,"at_home","other","father",2,1,0,"no","no","yes","no","yes","yes",4,3,3,1,5,11,10,11
"obec.pri","F",12,"R","GT3","T",2,2,"other","other","mother",2,2,0,"no","yes","yes","yes","yes","no",4,4,4,1,5,0,12,12
"obec.pri","F",11,"R","GT3","T",1,1,"at_home","services","mother",1,1,1,"no","no","yes","yes","no","yes",4,1,3,1,2,6,10,10
"obec.pri","F",11,"R","GT3","T",3,3,"at_home","other","mother",2,1,0,"no","no","yes","yes","yes","no",5,4,4,2,5,4,10,11
"obec.pri","F",12,"R","GT3","T",2,3,"at_home","services","mother",2,2,0,"no","no","yes","yes","no","no",4,5,2,1,5,0,16,17
"obec.pri","F",11,"R","LE3","T",2,1,"at_home","other","mother",2,1,0,"no","no","yes","no","no","no",1,3,4,1,1,0,6,9
"obec.pri","M",12,"R","LE3","A",4,4,"at_home","other","mother",1,2,0,"no","no","yes","yes","no","no",5,3,2,1,2,5,10,11
"obec.pri","M",12,"U","GT3","A",1,2,"other","other","mother",1,3,0,"yes","no","yes","yes","yes","no",4,4,3,1,5,0,10,11
"obec.pri","F",13,"R","GT3","T",3,2,"at_home","other","father",1,2,1,"no","no","yes","yes","no","yes",4,5,4,1,5,0,10,10
"obec.pri","F",13,"R","GT3","T",1,1,"other","other","father",1,1,1,"no","no","no","no","yes","no",5,4,4,2,5,0,6,7
"obec.pri","F",11,"R","GT3","T",4,4,"teacher","other","mother",2,1,0,"no","no","yes","yes","yes","yes",1,5,1,3,5,0,13,14
"obec.pri","F",12,"U","LE3","A",2,2,"at_home","other","mother",2,4,0,"no","yes","no","no","no","yes",1,2,1,1,1,4,10,11
"obec.pri","F",11,"R","LE3","T",1,1,"at_home","services","father",2,2,0,"no","no","yes","yes","yes","no",5,4,3,1,4,0,10,10
"obec.pri","F",11,"R","LE3","T",1,1,"other","services","mother",2,1,1,"no","no","yes","yes","yes","yes",4,4,3,1,2,4,6,8
"obec.pri","F",12,"R","GT3","T",0,2,"other","other","mother",2,1,0,"no","yes","yes","yes","no","no",3,2,3,1,2,0,12,12
"obec.pri","F",13,"R","GT3","T",2,3,"other","other","mother",2,1,0,"no","no","yes","yes","yes","no",5,5,5,1,3,2,10,12
"obec.pri","F",11,"R","GT3","T",3,3,"other","services","father",2,1,0,"no","no","no","yes","yes","no",4,1,3,1,4,0,14,16
"obec.pri","M",12,"U","GT3","T",1,1,"at_home","services","mother",2,2,0,"no","yes","yes","yes","no","yes",5,4,5,4,3,0,7,0
"obec.pri","M",13,"U","GT3","T",1,1,"other","other","mother",1,2,0,"no","no","no","yes","yes","no",4,4,3,2,5,4,8,9
"obec.pri","M",11,"R","LE3","T",4,1,"health","services","father",1,2,0,"no","yes","yes","yes","yes","no",5,3,4,1,2,0,12,14
"obec.pri","M",11,"R","LE3","T",4,1,"health","services","father",1,2,0,"no","yes","yes","yes","yes","no",5,3,4,1,2,7,7,8
"obec.pri","M",12,"R","GT3","T",3,4,"other","health","mother",3,2,0,"no","no","no","yes","no","no",3,4,5,1,5,4,9,11
"obec.pri","M",11,"R","GT3","T",1,1,"other","other","mother",4,2,0,"no","yes","yes","yes","no","yes",5,4,5,2,4,8,7,9
"obec.pri","M",11,"U","LE3","T",3,3,"at_home","at_home","father",1,2,0,"no","yes","yes","yes","yes","no",5,3,3,1,5,0,11,11
"obec.pri","M",13,"R","GT3","T",2,1,"other","other","mother",3,1,0,"no","yes","yes","no","no","yes",5,5,5,5,3,8,8,9
"obec.pri","F",12,"R","GT3","T",4,4,"teacher","teacher","mother",2,3,0,"no","yes","yes","yes","yes","yes",4,2,2,1,4,6,16,17
"obec.pri","F",11,"R","GT3","T",1,2,"other","services","mother",2,1,0,"no","no","yes","yes","no","no",5,1,2,1,1,3,11,13
"obec.pri","F",12,"R","GT3","T",2,3,"other","services","mother",3,2,0,"no","no","yes","yes","yes","no",4,5,4,1,1,2,15,15
"obec.pri","M",12,"R","GT3","T",1,2,"other","other","father",2,2,0,"no","no","yes","yes","no","no",4,3,3,1,5,0,10,11
"obec.pri","F",12,"R","GT3","T",2,2,"other","other","mother",3,2,0,"no","no","yes","yes","yes","no",4,4,5,1,4,4,9,11
"obec.pri","F",12,"U","GT3","T",1,2,"other","services","mother",1,3,1,"no","no","yes","yes","no","no",1,3,2,1,4,0,10,8
"obec.pri","F",12,"U","GT3","T",1,2,"other","services","mother",1,3,1,"no","no","yes","yes","no","no",1,3,2,1,4,3,9,8
"obec.pri","F",11,"U","GT3","T",2,1,"at_home","other","mother",1,2,0,"yes","no","no","yes","yes","no",4,4,2,3,2,0,9,9
"obec.pri","F",12,"U","GT3","T",1,1,"at_home","other","father",1,2,0,"no","no","no","yes","no","yes",5,4,3,2,2,0,13,15
"obec.pri","M",13,"R","LE3","T",1,2,"at_home","services","mother",1,1,0,"no","yes","yes","yes","yes","no",5,5,5,5,3,4,10,11
"obec.pri","F",12,"R","GT3","T",1,1,"other","other","father",4,4,0,"no","no","no","yes","yes","no",4,3,2,1,1,0,13,13
"obec.pri","F",12,"R","GT3","T",1,1,"at_home","other","father",4,3,0,"yes","no","yes","yes","no","no",4,4,3,1,5,2,10,10
"obec.pri","F",11,"R","GT3","T",1,1,"at_home","other","father",2,2,0,"no","yes","yes","yes","yes","no",4,3,3,1,2,1,11,11
"obec.pri","F",12,"R","GT3","T",1,1,"at_home","other","mother",2,1,0,"no","yes","yes","yes","yes","yes",4,2,2,4,2,0,13,14
"obec.pri","F",11,"R","GT3","T",1,1,"at_home","at_home","father",3,2,0,"no","no","yes","yes","no","no",4,2,1,1,2,0,13,14
"obec.pri","F",11,"R","LE3","T",2,2,"other","other","father",1,3,0,"yes","no","yes","yes","no","no",4,4,3,2,5,2,14,12
"obec.pri","M",12,"R","GT3","T",1,1,"at_home","other","father",2,1,0,"no","yes","yes","yes","no","no",3,4,4,3,5,6,11,11
"obec.pri","F",14,"U","GT3","T",1,2,"other","other","father",1,2,1,"no","yes","yes","yes","yes","yes",3,4,4,2,5,9,9,8
"obec.pri","M",11,"U","GT3","T",3,1,"other","services","mother",2,1,0,"no","no","yes","yes","no","no",3,2,3,1,4,0,10,11
"obec.pri","F",12,"R","GT3","T",2,2,"other","services","father",3,2,0,"no","yes","yes","yes","yes","no",5,3,4,1,2,1,14,14
"obec.pri","M",11,"U","GT3","T",2,2,"health","other","mother",3,1,0,"no","no","yes","yes","no","no",4,3,3,1,4,1,13,13
"obec.pri","M",12,"U","GT3","T",4,4,"other","teacher","father",1,2,0,"no","yes","yes","yes","no","yes",4,3,1,1,3,0,13,13
"obec.pri","F",11,"R","GT3","T",3,3,"services","other","mother",1,2,0,"no","no","yes","yes","yes","yes",4,5,4,1,1,4,13,12
"obec.pri","F",12,"R","GT3","T",2,2,"at_home","other","mother",2,2,1,"no","yes","no","yes","no","no",4,4,4,2,5,2,12,12
"obec.pri","F",12,"R","LE3","T",2,2,"other","other","father",3,1,0,"no","yes","yes","yes","no","yes",4,3,2,1,4,0,14,16
"obec.pri","M",12,"U","LE3","T",2,1,"at_home","services","mother",2,1,0,"no","yes","yes","yes","yes","no",2,4,3,2,4,4,10,10
"obec.pri","M",11,"R","LE3","T",1,3,"at_home","other","father",3,1,0,"no","yes","yes","yes","yes","no",4,2,4,3,3,2,10,11
"obec.pri","F",11,"U","GT3","T",2,2,"other","services","mother",2,3,0,"no","yes","yes","yes","no","no",5,3,2,1,4,0,12,14
"obec.pri","F",12,"R","LE3","T",2,1,"other","other","mother",1,1,0,"no","no","yes","yes","yes","yes",5,4,3,1,5,2,10,8
"obec.pri","M",11,"U","GT3","T",3,3,"services","services","father",2,1,0,"no","yes","no","yes","yes","no",4,3,3,2,3,11,12,11
"obec.pri","F",12,"R","GT3","T",1,1,"at_home","other","father",2,2,3,"yes","no","yes","yes","no","no",3,4,3,1,1,0,7,8
"obec.pri","F",13,"U","GT3","T",2,2,"other","at_home","mother",1,1,0,"no","yes","yes","no","no","no",4,5,3,1,5,4,9,10
"obec.pri","F",15,"U","GT3","T",2,3,"at_home","services","other",1,1,1,"no","no","yes","no","yes","yes",4,4,4,1,2,0,9,10
"obec.pri","F",13,"R","GT3","T",2,1,"at_home","other","mother",3,1,0,"no","yes","yes","no","no","yes",5,5,3,1,3,2,9,11
"obec.pri","F",11,"R","LE3","T",1,1,"at_home","other","mother",2,1,0,"no","no","yes","no","no","yes",5,2,1,1,4,0,9,9
"obec.pri","F",12,"R","GT3","T",2,2,"other","other","father",3,2,0,"no","no","yes","no","yes","no",3,4,5,1,1,1,9,11
"obec.pri","F",12,"U","LE3","A",2,2,"other","other","mother",1,1,0,"no","no","yes","no","no","no",4,3,4,1,1,6,7,8
"obec.pri","F",13,"R","GT3","T",2,2,"at_home","other","mother",2,2,0,"no","no","yes","yes","yes","no",4,3,5,1,4,0,11,11
"obec.pri","F",12,"U","GT3","T",2,2,"other","services","father",1,1,1,"no","yes","no","yes","yes","no",4,4,3,1,3,1,9,10
"obec.pri","F",14,"R","LE3","A",3,2,"other","other","other",2,3,2,"no","no","no","no","no","yes",3,3,2,1,2,6,7,10
"obec.pri","F",15,"U","GT3","T",1,1,"at_home","services","mother",1,3,1,"no","yes","yes","no","no","yes",5,3,1,1,3,6,7,9
"obec.pri","M",14,"R","GT3","T",1,1,"other","other","mother",2,1,1,"no","yes","yes","no","yes","no",4,4,3,3,4,0,8,10
"obec.pri","F",14,"R","GT3","T",1,1,"at_home","at_home","mother",2,1,1,"no","no","no","no","yes","yes",3,2,3,1,2,4,9,10
"obec.pri","F",15,"U","GT3","T",1,1,"other","other","other",2,2,1,"no","no","yes","yes","yes","yes",1,1,4,4,1,12,7,9
"obec.pri","F",12,"R","GT3","A",2,2,"health","other","mother",1,2,0,"no","no","no","yes","no","yes",3,3,2,1,3,2,8,10
"obec.pri","F",13,"U","GT3","T",0,1,"other","at_home","father",2,1,0,"no","yes","no","yes","no","no",2,4,4,3,5,5,9,10
"obec.pri","F",12,"R","LE3","T",1,2,"at_home","other","mother",1,2,0,"no","yes","yes","no","yes","no",4,4,5,1,3,0,8,9
"obec.pri","F",12,"U","GT3","T",3,3,"other","other","mother",1,1,0,"no","yes","yes","no","yes","yes",4,5,4,1,4,0,14,13
"obec.pri","F",12,"R","LE3","T",1,1,"services","services","mother",1,1,0,"no","yes","yes","yes","yes","yes",4,4,4,2,4,2,14,14
"obec.pri","M",13,"U","GT3","T",3,3,"services","at_home","mother",2,4,1,"no","yes","yes","yes","no","no",5,4,5,3,5,0,10,10
"obec.pri","F",12,"U","GT3","T",2,1,"other","services","mother",1,2,0,"no","yes","yes","yes","yes","no",5,3,3,1,1,0,14,14
"obec.pri","F",12,"U","GT3","T",2,2,"services","other","mother",1,1,0,"no","yes","yes","yes","no","yes",4,2,5,1,5,0,17,16
"obec.pri","M",13,"U","GT3","T",1,2,"other","other","father",1,1,1,"no","yes","yes","no","yes","yes",5,3,5,5,1,12,6,7
"obec.pri","M",12,"U","LE3","T",4,3,"other","other","father",1,1,0,"no","yes","yes","yes","yes","no",4,2,5,1,5,8,14,13
"obec.pri","M",13,"R","LE3","T",2,2,"services","services","mother",3,4,1,"no","no","yes","yes","no","no",1,3,5,3,3,2,10,9
"obec.pri","F",12,"U","GT3","T",1,1,"other","other","other",1,4,0,"yes","yes","yes","yes","yes","no",2,2,1,1,5,0,14,14
"obec.pri","F",15,"U","LE3","T",2,2,"other","other","mother",1,3,0,"no","no","yes","yes","yes","yes",5,4,5,1,1,0,12,13
"obec.pri","F",13,"R","GT3","T",1,1,"at_home","other","mother",2,1,0,"no","yes","no","yes","yes","yes",4,4,5,1,5,0,11,11
"obec.pri","F",16,"U","GT3","T",3,3,"at_home","services","mother",2,2,1,"no","yes","yes","yes","yes","yes",3,3,4,2,3,8,11,10
"obec.pri","F",13,"U","LE3","T",1,1,"other","services","father",1,3,0,"no","no","yes","yes","no","yes",4,3,3,1,3,0,11,10
"obec.pri","M",13,"R","GT3","T",2,2,"other","other","mother",3,1,1,"no","no","no","yes","yes","no",4,4,5,1,5,0,10,9
"obec.pri","F",12,"R","LE3","T",1,1,"at_home","other","father",3,2,0,"no","no","yes","yes","no","no",5,3,2,1,1,0,16,18
"obec.pri","F",13,"R","GT3","T",2,2,"other","other","mother",2,2,0,"no","yes","yes","yes","no","no",5,3,2,1,1,0,15,17
"obec.pri","F",13,"U","GT3","A",1,0,"other","other","mother",2,2,0,"no","no","yes","yes","yes","yes",4,4,5,1,4,1,11,10
"obec.pri","F",14,"R","GT3","T",1,1,"at_home","other","mother",1,2,1,"no","no","yes","yes","yes","yes",4,3,2,1,5,9,7,7
"obec.pri","F",12,"U","GT3","T",3,1,"other","other","mother",1,1,0,"no","yes","yes","yes","yes","no",3,1,3,1,1,0,8,8
"obec.pri","F",12,"U","GT3","T",3,2,"services","at_home","mother",1,1,0,"no","no","yes","yes","yes","no",3,1,3,1,3,2,7,7
"obec.pri","F",14,"U","LE3","T",1,1,"other","at_home","mother",2,2,0,"yes","no","yes","yes","no","no",2,3,5,1,3,8,9,10
"obec.pri","F",12,"R","GT3","T",4,4,"health","teacher","father",1,2,0,"no","yes","no","yes","yes","yes",4,3,3,2,2,0,14,16
"obec.pri","F",12,"R","LE3","T",1,2,"other","other","mother",2,1,0,"no","yes","yes","yes","yes","no",5,4,5,1,2,0,14,15
"obec.pri","F",14,"U","GT3","A",2,4,"other","services","father",1,2,1,"no","no","yes","yes","yes","no",2,3,2,1,1,8,8,8
"obec.pri","M",12,"R","GT3","T",2,1,"other","services","mother",2,2,0,"no","yes","yes","yes","yes","no",5,2,1,1,2,0,8,0
"obec.pri","F",12,"U","LE3","T",1,1,"at_home","other","mother",3,2,0,"no","no","yes","yes","yes","no",4,3,2,1,5,6,6,8
"obec.pri","F",12,"R","GT3","T",2,3,"at_home","services","mother",2,2,0,"no","yes","yes","yes","yes","no",3,3,3,1,2,0,8,10
"obec.pri","F",12,"U","GT3","T",4,4,"health","health","mother",1,2,0,"no","no","yes","yes","yes","yes",4,3,4,1,3,4,8,8
"obec.pri","M",14,"U","LE3","T",4,4,"at_home","health","mother",1,4,0,"no","yes","yes","no","yes","yes",5,5,5,5,5,2,5,6
"obec.pri","F",12,"R","LE3","T",3,4,"at_home","other","mother",3,2,0,"no","no","no","yes","no","no",4,2,1,1,2,2,7,8
"obec.pri","M",13,"U","LE3","T",4,4,"other","services","mother",1,3,0,"no","no","yes","yes","yes","no",4,4,3,1,5,0,15,16
"obec.pri","F",13,"R","GT3","T",4,1,"other","other","mother",1,1,0,"no","no","yes","yes","yes","yes",4,2,3,1,5,1,13,14
"obec.pri","M",12,"U","LE3","T",2,2,"services","services","mother",4,3,0,"no","no","yes","yes","no","no",5,1,3,2,3,0,10,10
"obec.pri","F",13,"R","GT3","T",2,2,"at_home","other","mother",1,1,0,"no","no","yes","yes","yes","no",5,1,3,1,5,5,9,9
"obec.pri","F",12,"U","LE3","T",4,4,"services","services","father",2,1,0,"no","no","yes","yes","no","no",5,1,3,1,5,1,11,11
"obec.pri","M",13,"U","GT3","T",3,3,"services","services","mother",1,1,0,"no","yes","yes","yes","yes","no",4,1,4,5,3,8,7,9
"obec.pri","M",13,"U","GT3","T",1,1,"at_home","services","mother",3,2,0,"no","no","yes","yes","yes","yes",5,1,3,3,1,0,10,10
"obec.pri","M",12,"U","GT3","T",2,1,"health","services","mother",2,2,0,"no","no","no","yes","yes","yes",4,2,2,1,5,2,9,8
"obec.pri","F",12,"U","LE3","T",2,1,"other","services","mother",1,2,0,"no","no","yes","yes","yes","yes",3,2,2,1,3,0,14,16
"obec.pri","M",12,"U","LE3","T",4,4,"teacher","health","father",1,1,0,"no","no","yes","yes","yes","no",4,1,2,2,5,0,11,12
"obec.pri","M",11,"R","GT3","T",1,2,"other","services","mother",3,2,0,"no","yes","yes","yes","no","no",5,5,5,1,5,11,9,10
"obec.pri","M",11,"U","LE3","A",2,2,"other","other","mother",3,4,0,"no","yes","yes","yes","no","no",5,4,5,2,5,8,13,14
"obec.pri","M",11,"U","LE3","A",2,1,"services","services","mother",1,1,0,"no","yes","yes","yes","yes","no",4,3,3,1,5,11,12,12
"obec.pri","F",12,"R","LE3","T",2,2,"other","other","mother",1,3,0,"no","no","no","yes","no","yes",4,3,3,2,5,2,11,11
"obec.pri","F",12,"U","LE3","T",4,1,"other","other","mother",2,2,0,"no","yes","yes","yes","yes","no",1,2,4,2,1,8,9,10
"obec.pri","F",13,"U","GT3","T",3,2,"at_home","other","mother",2,1,0,"no","no","yes","yes","no","yes",4,3,3,2,1,5,9,11
"obec.pri","F",13,"R","GT3","T",2,2,"other","other","mother",2,2,0,"yes","no","yes","yes","no","no",5,1,3,1,5,0,11,11
"obec.pri","F",12,"U","GT3","T",4,4,"teacher","services","mother",2,3,0,"no","no","yes","yes","yes","yes",5,3,5,1,5,1,10,12
"obec.pri","M",13,"R","GT3","T",4,4,"health","other","father",3,1,3,"no","yes","yes","yes","yes","yes",3,3,3,1,5,2,9,8
"obec.pri","M",13,"R","LE3","T",1,3,"other","other","father",2,1,0,"no","yes","yes","yes","no","yes",5,1,2,3,5,2,12,12
"obec.pri","M",13,"U","GT3","T",3,4,"services","other","mother",1,2,1,"no","yes","no","yes","yes","yes",5,4,4,3,5,8,8,8
"obec.pri","F",13,"U","GT3","T",4,4,"health","health","father",1,2,0,"no","no","yes","yes","yes","no",5,2,5,1,5,0,13,16
"obec.pri","M",12,"R","LE3","T",4,1,"other","at_home","father",1,1,0,"no","no","yes","yes","yes","no",4,1,2,2,2,0,10,11
"obec.pri","F",13,"U","GT3","A",1,1,"at_home","at_home","mother",1,2,0,"no","yes","yes","yes","yes","yes",4,5,5,1,3,2,11,11
"obec.pri","F",13,"R","GT3","T",4,2,"other","other","mother",2,2,0,"yes","no","no","yes","yes","no",4,3,3,2,5,0,17,18
"obec.pri","M",12,"U","LE3","A",2,2,"other","services","father",2,2,0,"no","no","no","yes","yes","yes",4,1,2,2,5,0,12,13
"obec.pri","M",13,"U","GT3","T",3,2,"other","other","father",2,2,0,"no","no","yes","yes","yes","no",4,1,2,2,1,0,13,13
"obec.pri","M",15,"U","GT3","T",1,1,"other","other","mother",1,2,2,"no","yes","yes","no","yes","no",4,4,3,3,4,2,9,10
"obec.pri","M",13,"U","LE3","A",1,0,"other","other","mother",1,1,0,"no","no","yes","yes","no","yes",4,1,2,1,5,4,11,12
"obec.pri","F",13,"R","GT3","T",1,1,"at_home","at_home","father",2,1,0,"no","yes","yes","no","yes","yes",3,5,5,2,4,3,10,10
"obec.pri","F",12,"R","GT3","T",1,2,"other","other","father",1,3,0,"yes","no","no","yes","yes","yes",4,3,4,1,3,5,13,13
"obec.pri","M",12,"R","LE3","T",1,2,"other","at_home","mother",1,1,0,"no","no","yes","yes","no","no",4,4,4,2,5,4,9,11
"obec.pri","F",13,"R","GT3","T",3,1,"other","other","mother",2,2,3,"no","yes","no","yes","yes","yes",5,4,4,1,5,2,7,10
"obec.pri","M",13,"R","GT3","T",2,2,"other","other","mother",2,1,0,"no","yes","yes","no","no","yes",5,5,5,3,5,0,8,10
"obec.pri","M",14,"R","GT3","T",1,0,"at_home","at_home","other",3,1,1,"yes","no","yes","yes","no","no",4,3,2,1,4,0,12,13
"obec.pri","M",13,"R","GT3","T",1,1,"other","services","mother",2,1,0,"no","yes","no","yes","yes","yes",4,5,5,1,2,0,10,10
"obec.pri","M",14,"U","LE3","T",1,1,"at_home","at_home","mother",2,2,0,"no","yes","yes","yes","no","no",4,3,3,1,5,6,10,10
"obec.pri","F",12,"R","LE3","T",2,2,"other","services","father",1,2,0,"no","yes","yes","yes","no","yes",5,4,3,1,1,0,11,12
"obec.pri","M",13,"U","GT3","T",2,2,"other","other","mother",1,1,1,"no","yes","yes","yes","no","yes",1,2,1,2,5,0,7,0
"obec.pri","M",12,"R","GT3","T",3,2,"services","other","father",2,1,0,"no","no","yes","yes","yes","no",4,5,5,2,5,2,11,10
"obec.pri","M",12,"R","LE3","T",1,1,"at_home","other","mother",2,1,0,"no","yes","yes","yes","yes","no",4,5,5,2,5,0,10,9
"obec.pri","M",14,"R","GT3","T",1,1,"services","other","other",2,1,1,"no","no","yes","no","yes","yes",5,3,3,2,5,2,9,9
"obec.pri","M",14,"R","GT3","T",3,2,"services","other","mother",1,1,1,"no","no","yes","no","yes","no",2,3,1,2,5,0,4,0
"obec.pri","M",15,"U","GT3","T",3,2,"at_home","services","mother",2,1,3,"no","yes","yes","yes","no","no",3,2,1,1,3,4,6,9
"obec.pri","M",14,"U","GT3","T",3,3,"at_home","at_home","mother",1,2,2,"no","yes","yes","no","yes","no",4,4,5,1,3,9,4,8
"obec.pri","M",12,"R","GT3","T",2,2,"services","services","mother",2,1,0,"no","yes","yes","yes","yes","yes",5,4,3,2,4,6,7,8
"obec.pri","M",15,"U","GT3","T",2,1,"at_home","other","other",2,1,3,"no","yes","no","no","yes","yes",4,4,3,1,5,4,8,9
"obec.pri","F",12,"U","GT3","A",3,2,"services","at_home","mother",2,2,2,"no","yes","yes","yes","no","yes",2,5,5,1,1,8,5,7
"obec.pri","F",13,"U","GT3","T",1,1,"other","at_home","mother",1,1,0,"no","yes","yes","yes","no","no",4,3,2,1,5,9,7,10
"obec.pri","M",16,"R","GT3","T",1,1,"other","other","other",2,1,1,"no","no","yes","no","yes","yes",4,4,3,2,4,12,8,10
"obec.pri","F",14,"R","GT3","A",4,3,"services","services","mother",1,1,0,"no","no","yes","yes","yes","no",5,4,4,3,2,8,10,10
"obec.pri","M",14,"R","GT3","T",3,2,"other","other","mother",2,1,0,"no","no","no","yes","yes","no",2,5,5,5,5,8,9,11
"obec.pri","M",15,"R","GT3","T",1,1,"other","services","other",3,2,1,"no","no","yes","yes","yes","no",5,4,4,3,2,8,10,11
"obec.pri","M",13,"U","GT3","T",3,3,"health","other","mother",2,2,1,"no","no","yes","yes","yes","no",4,5,4,2,3,4,8,10
"obec.pri","M",14,"U","LE3","T",1,3,"at_home","services","mother",1,1,0,"no","no","yes","no","yes","yes",4,3,3,2,3,0,9,9
"obec.pri","M",15,"R","GT3","T",1,1,"other","other","other",3,1,1,"no","no","yes","yes","yes","no",4,4,4,3,5,4,8,10
"obec.pri","F",14,"U","GT3","A",1,2,"at_home","other","mother",2,2,2,"no","no","yes","yes","no","no",4,3,3,1,5,2,6,8
"obec.pri","F",15,"U","LE3","A",1,1,"at_home","other","mother",1,1,0,"no","no","yes","no","no","no",1,4,4,1,5,0,6,7
"obec.pri","F",14,"R","GT3","T",2,2,"other","other","mother",2,1,1,"no","no","yes","no","yes","yes",5,5,5,1,3,0,8,0
"obec.pri","F",13,"R","GT3","T",0,0,"at_home","other","mother",2,1,0,"no","no","yes","yes","yes","no",4,4,3,1,5,0,10,11
"obec.pri","F",13,"R","LE3","A",3,1,"other","at_home","other",2,3,0,"no","no","yes","no","no","no",4,2,3,2,3,5,8,8
"obec.pri","F",13,"U","GT3","T",4,2,"teacher","services","mother",1,2,0,"yes","yes","yes","yes","yes","no",5,5,5,1,5,0,8,0
"obec.pri","F",14,"R","LE3","T",2,2,"services","services","mother",1,2,1,"no","yes","yes","yes","yes","no",2,3,3,1,4,3,7,8
"obec.pri","F",13,"U","GT3","T",4,1,"health","at_home","mother",1,1,0,"no","no","yes","yes","no","yes",3,2,2,1,5,0,8,9
"obec.pri","F",13,"U","LE3","T",1,2,"at_home","other","father",1,1,0,"no","no","yes","yes","yes","no",5,5,1,1,3,0,7,10
"obec.pri","F",14,"U","GT3","T",1,1,"other","other","mother",3,2,2,"no","yes","yes","yes","no","yes",3,4,4,2,5,3,7,7
"obec.pri","F",14,"U","GT3","T",2,2,"services","at_home","father",2,2,0,"no","yes","no","yes","yes","no",4,3,5,1,1,2,12,14
"obec.pri","F",13,"U","GT3","T",3,3,"services","services","mother",2,1,0,"no","no","yes","yes","yes","no",4,4,3,1,4,0,11,13
"obec.pri","F",14,"U","LE3","A",1,2,"at_home","other","mother",2,2,0,"no","no","yes","yes","yes","no",4,4,3,1,4,0,12,14
"obec.pri","F",14,"U","GT3","T",4,4,"teacher","teacher","mother",2,2,0,"no","yes","no","yes","yes","no",4,3,5,1,1,0,18,18
"obec.pri","M",14,"U","LE3","T",4,4,"services","other","mother",1,1,0,"no","yes","yes","yes","yes","no",5,4,5,1,5,3,17,17
"obec.pri","F",13,"U","GT3","T",4,2,"other","other","mother",2,2,0,"no","no","yes","yes","yes","no",4,3,3,1,4,0,17,18
"obec.pri","F",14,"R","GT3","T",2,2,"at_home","other","mother",3,2,1,"no","yes","yes","yes","no","yes",4,3,3,1,4,0,9,0
"obec.pri","M",14,"U","LE3","T",1,2,"at_home","services","mother",2,1,0,"no","no","no","yes","no","no",4,1,4,5,1,8,10,11
"obec.pri","M",14,"R","GT3","T",4,4,"at_home","services","mother",3,1,0,"no","yes","yes","yes","yes","yes",2,5,5,1,1,5,12,14
"obec.pri","M",13,"R","GT3","T",1,1,"other","services","father",3,1,0,"no","no","no","no","no","no",4,2,3,3,4,4,12,14
"obec.pri","F",14,"U","GT3","T",2,2,"other","other","mother",2,2,0,"no","no","no","yes","yes","yes",1,3,1,1,2,4,8,10
"obec.pri","F",14,"U","LE3","T",2,2,"services","services","father",2,3,0,"no","no","yes","yes","yes","yes",5,4,5,1,3,0,11,13
"obec.pri","F",14,"R","LE3","A",4,2,"teacher","other","mother",1,2,0,"no","yes","yes","yes","yes","yes",5,3,1,1,5,0,5,0
"obec.pri","F",14,"U","GT3","T",1,1,"at_home","services","mother",3,2,1,"no","no","yes","no","no","no",4,4,2,1,2,2,9,10
"obec.pri","F",15,"U","GT3","T",1,1,"at_home","services","father",2,1,1,"no","no","yes","no","no","no",5,5,5,2,2,0,5,0
"obec.pri","F",13,"U","GT3","T",4,2,"teacher","other","father",2,4,0,"no","no","yes","yes","yes","yes",4,2,3,3,5,0,18,18
"obec.pri","F",13,"R","LE3","A",2,1,"services","other","mother",2,2,0,"no","yes","yes","yes","yes","yes",5,3,3,1,2,5,11,12
"obec.pri","F",14,"U","LE3","A",1,1,"at_home","services","mother",1,2,0,"no","no","yes","yes","no","yes",5,2,3,1,3,2,8,11
"obec.pri","F",14,"U","GT3","T",1,2,"at_home","at_home","father",2,2,0,"no","no","yes","no","no","no",4,1,1,1,4,0,11,12
"obec.pri","F",15,"R","GT3","A",1,1,"at_home","at_home","other",2,2,3,"no","yes","yes","no","no","yes",3,5,4,1,1,0,8,0
"obec.pri","F",14,"R","GT3","T",2,2,"services","other","mother",2,3,0,"no","no","yes","yes","yes","yes",4,2,1,1,4,5,14,15
"obec.pri","M",13,"R","GT3","T",4,3,"services","other","mother",2,2,1,"no","yes","no","yes","yes","yes",4,5,5,1,2,4,10,11
"obec.pri","F",14,"U","GT3","T",3,3,"services","services","father",1,2,0,"no","no","yes","yes","no","yes",5,3,4,1,5,0,10,10
"obec.pri","F",13,"R","GT3","T",4,4,"teacher","services","father",2,2,0,"no","yes","yes","yes","yes","no",4,3,3,1,5,2,12,12
"obec.pri","F",13,"U","LE3","A",3,2,"services","other","mother",2,2,0,"no","no","yes","yes","no","yes",1,2,3,1,5,0,15,15
"obec.pri","M",14,"U","LE3","T",1,1,"other","services","father",2,1,0,"no","no","no","yes","yes","yes",3,3,2,1,3,2,14,14
"obec.pri","F",14,"U","LE3","T",1,1,"at_home","services","father",2,3,0,"no","no","yes","yes","yes","no",5,3,2,1,4,0,19,18
"obec.pri","F",14,"R","LE3","A",1,2,"at_home","other","mother",3,2,0,"no","no","yes","yes","no","yes",4,3,4,1,5,0,16,15
"obec.pri","F",14,"U","GT3","T",3,3,"services","services","mother",2,2,0,"no","no","yes","yes","yes","yes",4,3,2,1,3,6,13,13
"obec.pri","F",13,"U","LE3","T",4,4,"at_home","at_home","mother",1,2,0,"no","yes","yes","yes","yes","yes",2,3,4,1,1,4,15,15
"obec.pri","F",13,"R","GT3","T",1,2,"other","services","father",2,2,0,"no","no","no","yes","no","no",3,2,2,1,3,0,13,13
"obec.pri","M",14,"R","GT3","T",1,3,"at_home","other","mother",2,2,0,"no","no","yes","yes","no","no",3,3,4,2,3,0,8,9
"obec.pri","M",14,"U","LE3","T",4,4,"teacher","services","mother",2,3,0,"no","no","yes","yes","yes","yes",4,2,2,2,5,0,15,16
"obec.pri","F",13,"R","GT3","T",1,1,"other","services","mother",3,1,1,"no","no","yes","yes","yes","yes",5,2,1,1,1,0,8,9
"obec.pri","F",14,"U","GT3","T",2,3,"at_home","services","father",2,1,0,"no","no","yes","yes","yes","yes",5,2,3,1,4,0,10,10
"obec.pri","F",14,"R","GT3","T",4,4,"other","teacher","father",3,2,0,"no","no","no","yes","yes","yes",3,2,2,4,5,0,7,0
"obec.pri","M",14,"R","LE3","T",1,2,"at_home","services","father",3,1,0,"no","yes","yes","no","yes","yes",4,3,3,2,3,3,9,10
"obec.pri","F",13,"U","GT3","T",2,2,"other","at_home","mother",1,3,0,"no","yes","yes","yes","no","yes",3,4,3,1,3,8,10,12
"obec.pri","F",13,"R","GT3","T",1,2,"other","other","mother",1,1,0,"no","yes","yes","yes","yes","no",3,5,5,1,1,4,7,9
"obec.pri","F",14,"R","LE3","T",4,4,"other","other","mother",2,3,0,"no","no","yes","yes","yes","no",5,4,4,1,1,0,15,17
"obec.pri","F",14,"R","GT3","T",1,1,"other","other","mother",4,3,0,"no","no","yes","yes","yes","no",4,3,2,1,4,4,10,12
"obec.pri","F",15,"R","GT3","T",1,1,"at_home","other","other",2,2,1,"no","no","yes","yes","yes","yes",4,3,3,1,3,4,7,9
"obec.pri","F",14,"R","LE3","T",4,4,"teacher","services","mother",1,2,0,"no","yes","yes","yes","yes","no",5,4,3,3,2,1,13,14
"obec.pri","F",14,"U","GT3","T",3,3,"other","other","mother",1,2,0,"no","no","yes","yes","yes","yes",4,1,3,1,1,1,16,16
"obec.pri","F",13,"R","GT3","T",3,1,"at_home","other","mother",1,2,0,"no","yes","no","yes","yes","no",4,5,4,2,1,10,8,9
"obec.pri","M",14,"U","GT3","T",4,4,"teacher","teacher","father",1,2,0,"no","yes","no","yes","yes","no",3,2,4,1,2,4,17,19
"obec.pri","M",14,"R","GT3","T",2,1,"other","other","mother",2,1,0,"no","yes","no","yes","yes","yes",4,4,3,1,5,0,7,0
"obec.pri","M",13,"U","GT3","T",2,3,"other","services","father",2,2,0,"no","yes","yes","yes","yes","no",4,4,3,1,3,4,14,16
"obec.pri","M",15,"R","GT3","T",1,1,"other","services","mother",2,1,1,"no","no","yes","yes","no","no",4,3,2,1,5,0,5,0
"obec.pri","M",14,"R","GT3","T",4,2,"other","other","father",2,1,1,"no","no","yes","yes","no","no",5,4,3,4,3,0,7,0
"obec.pri","F",14,"R","GT3","T",2,2,"at_home","other","mother",2,3,0,"no","no","yes","yes","no","no",5,3,3,1,4,0,14,15
"obec.pri","F",13,"U","GT3","T",4,3,"teacher","other","mother",2,2,0,"no","no","yes","yes","yes","no",5,5,4,1,1,0,6,11
"obec.pri","F",14,"R","GT3","T",4,4,"teacher","at_home","mother",3,1,0,"no","yes","yes","yes","yes","yes",4,4,3,2,5,4,7,10
"obec.pri","F",15,"R","GT3","T",2,3,"services","other","mother",1,3,1,"no","yes","no","yes","yes","no",5,4,2,1,5,4,10,10
"obec.pri","F",14,"U","LE3","T",3,1,"teacher","services","mother",1,2,0,"no","no","yes","yes","yes","no",4,3,4,1,1,4,15,16
"obec.pri","F",14,"U","GT3","T",1,1,"other","other","mother",2,2,0,"no","yes","yes","yes","no","no",1,1,1,1,5,6,11,9
"obec.pri","M",13,"U","LE3","T",3,1,"services","services","mother",2,1,0,"no","no","no","yes","yes","no",2,4,5,3,2,6,10,10
"obec.pri","M",14,"R","LE3","T",3,2,"services","other","mother",3,1,0,"no","no","no","yes","yes","no",4,4,1,3,5,4,10,11
